instance_id,sol_time_QUBO,status_QUBO,solution_QUBO,objective_QUBO,gap_QUBO
MWC371,300.0693483352661,9,011000111001101011010111011111101101010100110110100110100000110111001001001001000111010100110001000010111010011110010011010000010111111111101001010000001000100110011101001100110000110010000111011,-18713.210275460267,0.03594992773402914
MWC181,145.92962288856506,2,1010000111000110100011101111001001110110110001001001001101010100110011101100000101111,-290.5504626162735,0.0
MWC247,0.22064471244812012,2,001000111111101011011011011001011000110110001,-807.5326985733084,0.0
MWC335,300.03897881507874,9,001001011011101110010001001011111110111100100011001100001110100000110101001,-1264.4025594736572,0.025445291761970086
MWC353,300.0381965637207,9,001111100001011111101101101001010010101011100000000101010110100101010101011000100011111000011110101111110110000101000100110111010000101,-7851.625406579135,0.04110627046489513
MWC8,0.08950376510620117,2,1011001101110001010001001,-411.1689128914508,0.0
MWC91,0.2284994125366211,2,010011110111100111010000110110100100001100001,-82.61296991708747,0.0
MWC6,0.02489161491394043,2,010101100011011,-156.37241673720763,0.0
MWC245,0.34799981117248535,2,10011010101011001111000011010000011,-376.29694124746317,0.0
MWC289,1200.0763492584229,9,10000011101001010101011111000101001011001100100110010100101000110000100011110001110101001011001001101101100000011110000110110111110010001110010101101101000101101101101111000110110011101,-11972.151223744491,0.06277417130673997
MWC44,300.0261254310608,9,1000100001101011001011011011101011011001101111010111110010010100010010010110011001001110001010101011101101011111100110000111000000010000101100100,-9162.4429365204,0.038005317043142126
MWC234,300.0320017337799,9,101111000010111001011111111010010000110110010011011010000110101111101000001100011000101110011111011001101101001011111001101100100010010101101110001000000100110001001011010000100101010101011010010110100010101100100101111000100000111101001001001111000011101,-33039.82347636815,0.02137878965484686
MWC355,1200.0574910640717,9,1110001010101111101100101110110110110111011111000000110000001010011001010001111011001111000100001101000011000001110100000111101110100011011110010,-822.1906516222343,0.05442862856082732
MWC54,300.02929496765137,9,0100110101000010010101100010101110000011101100101110011010011101000100111100100001111010000011011100111110110100100101101001011111101000001100001001001101011100101100101011111,-12885.079270360107,0.022989026268932206
MWC251,102.97929787635803,2,1001001011010110011011100100110101100010001011010101011,-2378.077056058902,0.0
MWC131,300.0793354511261,9,1011000001111011111011000100110000001011101011110000011011000010110110010001101000110110101010101110101100100101101000011010101100001101100111101000001101001100111111010001111,-17656.070854104208,0.03783054946005506
MWC16,1.7136118412017822,2,0111011000001001110111001011101110100110000010101101010,-532.5319410700228,0.0
MWC387,300.03991770744324,9,11110010101000001110000000111011111101011011100011101000111000110010011001010110010110011001110010001011010111000000011101100110101101100101010010011101000111001000011111000000001101111010100001001110011100110000001100100101110110111101101101101,-6073.4062357589,0.02189791453500815
MWC240,0.05602550506591797,2,101001101011100,-173.8112098549539,2.6013557471889665e-05
MWC135,300.04125905036926,9,11001111000111100011011110011101100010010010101011011101100010111000011100001010010000011000001110110010011000111011001101110011101000110110110001000100101100011001111100110000101111010,-35085.032445906494,0.02172319728632515
MWC96,300.0430254936218,9,1010001100111011000101011111110110010111000000000111001,-1330.3968882106801,0.02415104513139142
MWC323,0.6731171607971191,2,10001011111001001111001001011111100,-820.7974847213235,0.0
MWC40,1017.8330645561218,2,011111010110111011001011101010111100001111110000010000010010011000111010100111110110011011100101110000010000110010010010011000100101001,-1475.6818212851103,0.04988852472619551
MWC41,300.0180721282959,9,001001001011100011000000001111011011011010100100010010101100101001100011111011100100101010001101100011010111101010101101101001001111111,-2640.852933675793,0.04145602967163752
MWC330,300.03342509269714,9,0000101110111010111100111111100001100001001110010010100,-2659.91317296572,0.026362273527728627
MWC31,300.0316376686096,9,111111001000011010011010000000011010010000010011110100011111001110001100001110010111111111100001111101110,-3611.395923138482,0.03276533141799859
MWC164,0.216202974319458,2,1011111010101100000101001,-163.34019768147115,0.0
MWC100,26.78761911392212,2,111110110101010001010001110001001111110000110000010110000000110101011110000,-1837.2593012484945,0.0
MWC112,300.07957577705383,9,1110100000011110101100000000101100011100111100110110100101000010111101001111101010101000001100101010011010010111100,-1579.6686180453362,0.03881133637488996
MWC178,8.92981243133545,2,110000110001010011110101001010110100111000001001111010011001111001000010101,-684.3586369076061,0.0
MWC105,300.02531242370605,9,0010100010111111010111011010111011101111010100000010101011101011000100000100101000001,-1564.3599370366776,0.027990566415731388
MWC46,1200.0530805587769,9,00111000110101001010111110000001110010110110000001110110111101100001111111110001110100100100100000000001011110101010111000111101111011100100111001001011000,-3645.3339732140284,0.05342642864561252
MWC24,300.22037076950073,9,010111101011100011000011101010010000010011001010001011101010010001111110111,-6113.047870291477,0.03100691073703442
MWC81,0.0019402503967285156,2,01001,-24.21662842514682,0.0
MWC213,300.01201486587524,9,11101011000110001011111100010001111111000110110010001010000000110101011101111010100010000010110100111111100111100100010100001111110010010001010110101010010000011010010110101101111010100,-3522.703506350136,0.021001324690273302
MWC203,300.01304864883423,9,11011001110000101100001100111101100001001001101010101101111000011001110110000011100000001100011101001100110010101101110110110011010100111001010001110110110,-8769.859747507571,0.044407868766359625
MWC290,300.03780221939087,9,10100110011011010110110011111110100110000001100110001101110010010000110110110001101101110000001000101011101110100110110110010100011101110000110011101010100010010010010101000111000101110,-17184.154337062595,0.03480388670196183
MWC29,300.0124669075012,9,10110100001111111101100010001101100011000000111111011011000110000011011110000000111101001000010,-6118.966852532105,0.04378502587344836
MWC27,300.01777172088623,9,0111000111001100110011111000001010011100000010110111000101001110101001110110011000111,-7818.340933207952,0.036658766259318985
MWC30,300.01331067085266,9,01010110101011110011011110001010010111000010110101011111000110100100000111011001010000110001001,-2868.329538198166,0.030179074121101324
MWC101,300.0272936820984,9,000010111001100110010101011100111001101011011111101110010010000001011011001,-1675.9201232053672,0.015770692868802588
MWC304,300.02828788757324,9,1101111110000100101000100101100011000110110101011111011110100010100101110010001011111001110001111110111001000111110010001000100001111011000101001001010010000100111110101101110110100111111100101100000110100101000000100111101011000000100,-16822.94782889534,0.04895666706270517
MWC357,300.0239326953888,9,0111110100001001011010000101100000101010010101011111110011111001111110011001011000110010111000010010100110001101101010010010001000111101101001101,-19667.03407700213,0.028093668185572004
MWC344,300.0143449306488,9,100100001101110010011001110100110101110010001111101000010111111111100010000001000010111010010110001101000,-5719.034086141902,0.040537023574135675
MWC354,300.0866882801056,9,111110110100101100010110001001101110010010100000101010111000010000001101011100101001110111001111100111101100001110110101010001001011010,-19102.805039375806,0.029252127626984297
MWC190,300.0227508544922,9,0010111100011001011111000001010111101100111111111110111100000100001100101001000100110011110100010010010011011000110,-1527.8960188933859,0.0385915990405281
MWC261,300.02516412734985,9,1101011011111011100010011000010100000000000011011111111101110101010001010111101000010,-4592.467765002264,0.026994642485462534
MWC322,0.06328821182250977,2,00111010100110101010101000111100100,-186.33334924437906,0.0
MWC265,300.0159041881561,9,110100101000101110101000010110010111110001100101111011001000111001101110001100100100101011010011000011010,-432.3008899307563,0.028805064974215994
MWC206,300.0274817943573,9,011010000011011001000010001100100110110111101111100000011011001010010101000101100001110001101101100110110001101101101010010110110101010001011100101011011011110001100,-5903.513761428152,0.0381291108944928
MWC195,300.0138201713562,9,10000010110001011100100101110011000000011000100111010101101111000010011011100001000101100011011111110100011011000011111011011,-9819.703567516426,0.03161016587504704
MWC126,300.05863904953003,9,00010011110111001100111000100001000011100100100110100100011110111110111011111011111110011110100010010000111000011001011001011001000100110000010111100000111,-14915.764797589512,0.027504346798031716
MWC386,300.03133749961853,9,10100100000011110111100111100110010110000101010111001011100001010111000000011000110000110110110010010101011000110100110000010010011100100100111000111100001100011111010100111101110110011001110110100100110010000011001111111110011110001011110110000,-20893.252416866635,0.02781762808166206
MWC339,300.15068769454956,9,1101111011001111100111011010001110001000100101101001011110111100110000000011001000100,-2336.8655358699143,0.02381689360677612
MWC360,300.02058935165405,9,10001100010010000111010110101100001011001001110010100000101010000111101110111000000100110111001110110011111010101000101111100011001001100100110111010111011,-10076.08276790747,0.0272097214318805
MWC114,300.0678462982178,9,1000011100101110111110110000001011111110001100101100010011010110100011100000000011110101111000111110001001111000100,-2728.994977657911,0.03142068912472625
MWC187,300.0144205093384,9,011100111010110101110010011111001100010000100001000100101111000010011101111011001101110101100000101101000,-4477.45195655038,0.02152418657599613
MWC348,300.0441119670868,9,1011111111001101100000111111001001100111001001111100100000011000000010101110010101000100000001111010111111100011010,-10956.602843437906,0.029139544509608314
MWC209,300.0211899280548,9,1011111011000010000100101000001111110011110110010100011010100010001101110010011111100110101100111010011110011100101100111110011110011000111001001111000000010111000100000010011,-10959.615127215828,0.04045937910515073
MWC17,104.68498826026917,2,1010001101001111011100010011101100000100011100110001110,-1367.9368790277267,0.0
MWC75,300.0366404056549,9,10001010100101100101100000001100001011101100100011010100100011110100011101110001101111100001111111101101101000011001011100100000110100100100010011101010101110011111000000101011111100001111000111000010111000111101110101100011001000001110101110101,-6093.8059060684955,0.021539282286247213
MWC287,300.01698303222656,9,1100101101100000011011111100010000110110110101101010110001100001001100111110101011100100100011001000011011000011111001000100100101101000101011001011101001001110100110100100111,-17499.552940135243,0.03765378579583339
MWC3,0.007863998413085938,2,01100,-21.255372285101082,0.0
MWC210,300.0189576148987,9,0110001001000100000110011001011010001011011000110011101010011011000011011101111011011110001100001110100101001101110101001100011101010001010101000101111101010110100100010011111,-6313.2362480292895,0.026110768010154523
MWC108,300.01746821403503,9,11001000110001001001101011010111110101011000010100011001101011100101001101100011000001110101111,-8812.999851551669,0.031035663376031287
MWC299,300.0211157798767,9,10100101000101111000001101000100100001011110000001011111010101000111100000111011101110001100111110111011010011100100000101010110110101010100101100000100001011101011110001101110000110111001001110110111001011100001011,-22743.028756761254,0.03379846612074902
MWC102,300.0151343345642,9,110000001000100000110110111011011101001011001001011011011101110101110010000,-5357.05107523532,0.0315929665174628
MWC136,1200.0442917346954,9,000110111111011001000011110001111101111001101000001101001001001011101110001000001001010110010101110000101100011101011011110101100100101000100011010110001110010001010110010000110111011001001110111,-10195.565009001893,0.06144991262729839
MWC120,300.01589250564575,9,111110101010010010010011000000000000010111110001101110111011010011111010100001101000001110100111010111101110010111011001000011001001011,-7579.92677487934,0.02979517993563842
MWC186,300.0228383541107,9,10111110100000110011110101001101001010010111000010100110011010000101101110100010110011101001010,-7499.033016436569,0.027757456954549262
MWC77,300.02174162864685,9,010010000101111111101111011000000000011010111100001011110100110111010001001011110001001100011000101101010110110010010110101101111100010111010111010101110011010011010000000000111111111011010101001111001011010011111010100001001011101010010000100100010000010,-4530.800940108455,0.02999578232093844
MWC63,300.02676725387573,9,0010000101100100100000000010011111111000001110110000100010111010001111101001000100011101010110101000110001100011101011001010111011111010111110011110011110110000010001001101000111111001101110100011100110011,-38721.9843088071,0.019765546208344986
MWC141,300.02767848968506,9,1100111101010100110101000011111000001100100001100011111000001101111111101000001000000111110001100011000111101110110100010010010001010110111000011111101100011000110001100010101001010110111110111000010101100,-42742.96077723049,0.02118456183797566
MWC291,300.1862208843231,9,00000010101010011010000100000110101101110001001111011001101001010001010101001111001011011011000100101011000011111101100011100110010001010100100101111001011101010101111111011010010110001,-28215.790507685193,0.01926694380656436
MWC305,300.0195686817169,9,1001011010010011100000010100001011101011110101100101111111100111101010001001010111000000100011011110000000100001001001111000011011110010000110100101111111100010000000101011101000111111101000000101011111010000010111110011010001111110100,-19298.815771697147,0.03293815188609618
MWC286,1200.0477511882782,9,1110100101011100001110111101110011111001010010010001011011001101001000101010101010101110010011001000000101110001110011101010000110101101101001111010001011000110100111010101000,-11891.416424954597,0.05865670733056943
MWC171,85.09156012535095,2,000011110001101110011111011101010001100110100,-675.8190308632838,3.800260904739854e-08
MWC331,2.407538652420044,2,00110110011011111011110100000011011010101111000000111011001100011,-1547.6068683489802,0.0
MWC263,300.0145182609558,9,10110000011111010110010000010100110110111101011001111100101001001100111000011101010101000000100,-2003.7115693588285,0.03312440004422817
MWC279,300.0488438606262,9,0100111011001110000101100011001110011000100101101111101001100100001100010101010000000101110111000001010100101111100011110010011110011111101011000,-17568.684514391265,0.02653081997929844
MWC179,300.0186231136322,9,000111000101000011011011101011001000110110001110010011111100010000111000111,-3394.203926905619,0.022706558309457683
MWC60,300.03392124176025,9,110000110010011110010001100111011010100101001101011010011000011011010101101111010110100110000010010100001111111110111100010000101101110101001101000111011000011000101000001100101111001100011001100,-34958.65518059695,0.0214993549285212
MWC208,1200.0243704319,9,1001001010101101110010101111001110101000001000101001100010110101010010100110000100111101011110011111000110011101111101101000101100100101111011100100111000000001110010100100110,-5862.216613488436,0.05975465764031497
MWC20,176.77743911743164,2,11110010010110110000010001011011110011000010100110000111100111100,-2301.6108728294817,0.0
MWC231,300.0214259624481,9,00001111100100000100010111001010011001111010111010011101011111001110100101111100111000011010011100100101111010110100000101110000100110110111100101111110111110101001100101001100001110000000101010110111100110110001011110100010000010010001001000001,-18321.779557445334,0.021746361622997368
MWC13,0.19706964492797852,2,010001101110101001011111111101001000011000100,-247.0105226859796,0.0
MWC97,4.7576282024383545,2,11011110001110110110101011101111100010110010000000010000110010101,-1127.8996366203116,0.0
MWC324,5.010321855545044,2,00111101110011010000101001110001011,-1282.687713398093,0.0
MWC177,300.0166428089142,9,01110110111101000100110110101111111001001000000010011100100010001,-1354.8841552689685,0.031132505946770986
MWC111,300.01210379600525,9,101101011011110111011100111101010000110010010001101010011011011010011000111000101010000000101001101101000,-9273.583268104005,0.027984385514245556
MWC333,300.011834859848,9,11111111111111110010011010000011001100100001000000011001011010001,-2677.372923940154,0.03557349474599307
MWC42,300.01969170570374,9,110011100100101001010001110101101001001111001001001110101100100011010110001001110111100101001111011101000111101110000010011101011000000,-7561.450343638566,0.02571037776542108
MWC55,300.0266978740692,9,00111111111110110100010100110100011111110101100011000101001001110011000101101100010100111000101110000111110111100001101001001000100010100000010111100111100101101100101000110001000100101,-1322.9872241924832,0.049019768667022914
MWC145,1200.0334315299988,9,011010111111101100110010001100000110100100110100000000011101010000010111110110010110100100111001010110111010001111111100011000011111000000111011111001100101000110001110110000101111101010101001110000110100010111100100100111100,-5762.768383127104,0.052671488399611124
MWC175,2.0125632286071777,2,10011111001000000001001101101001001011111110001111000110011000011,-366.97507338161,0.0
MWC327,132.85329222679138,2,000100011110100011101001110100111101101000010,-451.58993960296965,0.0
MWC194,300.0379385948181,9,11110100011011000011000100111010001101100100100111010111101101100101101000000111010001010111110100110000001000101011111001010,-4600.8749088781515,0.04320884019640015
MWC19,3.4226343631744385,2,11100110100101011100110010110100010111010101100011011010010000101,-770.343795446556,0.0
MWC78,300.0616126060486,9,101110101110011100110101111011110010001101000101101000100110100110001001000101100111000111001100001011110000110111000101011110010011001001100010100011101100100110011110110101111100100100010110010111000000000011011010110100100100001010011101001011111110100,-13110.630338622348,0.02196291373024526
MWC176,168.79661417007446,2,10100001010010000011111111101011001001010001010111000110111101110,-1922.3926067922728,0.0
MWC116,300.06866979599,9,01110100001010011011101011101000001001001111010011111100101110001000111100001100100010000110110110110111101011010010001100011,-6818.803435496401,0.03885132900344342
MWC350,300.0106158256531,9,11101000111110100101100011101001011111100000100001010111111100110001101100000111000001001011100110010000100100111011011100110,-2268.3679488199436,0.04597223541707445
MWC89,0.5657484531402588,2,00011110101001100101110000101110010,-407.99149584350334,0.0
MWC110,300.0207417011261,9,000000101001100101111101111001011011111100100100110000101001101101000001110001010110100010110101100001110,-6448.733239154131,0.04033285544806482
MWC202,1200.0470757484436,9,11110000101000100110010110100010011110011001110100111111001000101001010000000101011101111100011000111010000010101110101000010100111110000111110100001111011,-8317.723399853348,0.06221951637927962
MWC67,1200.0586187839508,9,011110101101110101000011111000010110110111001010011001010001100101110100010010011110001010010101101101010011111101001111010001011110100111010100111001100011101110101010011000100000001010000000001101111101001100100101000100101,-7663.095494720833,0.05374915838907535
MWC86,0.10011577606201172,2,1010101110100011101100010,-404.7960741309649,0.0
MWC332,144.55987787246704,2,10001111100110010010010011011111011000100110010011011110001001001,-3032.6185493473445,0.0
MWC282,300.02285170555115,9,11000110000110100001010101110110101111101100011101001100111101101100110000101100010011111111000011010001100001001010011011010111000001011001011111010000001,-22179.166721979836,0.030221291625681254
MWC168,3.60764741897583,2,10101000011010011010100011101111001,-406.36151664197683,0.0
MWC32,300.15316128730774,9,000101001111111110111000111100100100010011100100000110011110011100101110110100001111011011000011100010010,-812.2264954393963,0.03849130340450085
MWC377,300.0183517932892,9,11010111101000101100000011001011000000101010111011100010000101101001101001100000000101011011000010110001100111111110110111010001110111101111110100100001111010010000001110000111000001011010111011101110111001110010000,-22954.321413637845,0.03017763860680783
MWC359,300.01301312446594,9,01001100010101101000101110000100110011001010010100110101111110110101110010001101011111111010010000000011010001101010111001100010110011110001001110000011110,-10278.00153439939,0.040586315744029745
MWC368,300.0158848762512,9,10100011010011110111000100110011100110001111110001101110111111101110010010100111100110001010000010011000110001100000101110011100111111100100000001000100000010111111001101010000111000111,-14690.577216415695,0.03910794358853057
MWC340,300.01430225372314,9,11110000001100111001001000011111111100000001000001000011111001101010110001111111001001110110111,-2755.910460621659,0.01652067078515708
MWC71,300.0251703262329,9,0011011000001100010100000010111101000111010000110011000010100011101101100000111000111000101111001100101111010010011111101110101000011110111100000100110100111100010110101010101101100011000111101111100111101100010111101000100111110000000,-31438.85019554194,0.033109310198428166
MWC166,0.0725851058959961,2,00111110000101010101101011000101110,-424.9965706669979,0.0
MWC361,1200.0604884624481,9,011010110000111001100011100000111111000011011111101110011110111100000101100000011001011110001110110000011001100111010111001001001001011110001011111100000101011100010,-2091.0033123560365,0.0693586751895915
MWC173,25.83452320098877,2,1101100111001110011010010010010100000110111101101100001,-243.4912033288131,0.0
MWC163,0.028014183044433594,2,0010101100010010101010111,-101.26035464806557,0.0
MWC320,0.12824654579162598,2,1110100011111010110010000,-520.833607594881,0.0
MWC315,0.003454446792602539,2,01011,-11.581070492622846,0.0
MWC2,0.0032606124877929688,2,01101,-30.934049825408025,0.0
MWC103,279.45582008361816,2,0001110110100100000010011101100100111101010010100010011101010011010010010110101101111,-3060.646823383293,0.0
MWC132,300.0188443660736,9,0000111110101010001110000100001110111111100011101110001111000000000100000111110011101011110001010111101001111001001101001010001101101011000110010110011101001000101101000010011,-12541.800946921714,0.021783731728741585
MWC258,300.01591968536377,9,001100011011011111010101010110000110000001111111100101001101000100010110010,-4834.819948315039,0.034737082818776646
MWC381,300.04321026802063,9,000110110011100100010100101110000001100100011011010101011100101110011101101110111010011000110011001011100000010110100110010011111110011010000101100001011111100001111101101110111010101010001001110000011000001110000101111101000,-46243.5654599882,0.0191509031740628
MWC152,300.0286588668823,9,10101101110101100101111100111001111101000000000101110000000010011000010101101010010010100111110101100001011011000111100001110000110101001001110001111100101001101100010111001101111111001100001111100011011100101001011101000101001111101000000110000,-12592.521624013863,0.029937495783840723
MWC169,0.3145792484283447,2,000001001101010010101111010000011011101011001,-176.28477321095332,0.0
MWC307,1200.033949136734,9,10000011100100011011110101101001000000010110101000110011111100100001101101101111101110100110101000110001100101110010010111111011100011011010000100001001110111101001001010110101111101101001001011100010000010010111010101001100101011011010101011000,-17950.46850545735,0.05398166394503216
MWC311,300.0192768573761,9,100010101111001100000011010001110111001000010011110000110110000111001101010100010101110001100111101110000111110110111011101110100100001100010011100110001110000100011011010001100001101010111001110111100111111001110100100111000101000010100001101000011100101,-9029.031542295874,0.029398748480276755
MWC95,65.64953947067261,2,1001100001010010000100101110110001111100111001100101011,-1887.0280610149823,0.0
MWC34,300.01893758773804,9,1111101101000011101001110010011111111000011010101101101010001100010001110011111001010100100100100000011110010001011,-5093.358449804406,0.041803240375986477
MWC317,0.022959232330322266,2,001110101110000,-161.1192726860416,0.0
MWC227,300.0292868614197,9,1011101011000101111001101011101100000101100101110111101111011011010000110100111111000011001111111101001100010011011100001001011000001100010110000010101000010001110010111001000001011011000011111010010001010111100110100001001001011001000,-31199.807280176516,0.03186671808917329
MWC347,300.02049374580383,9,1011010010011111100001100101001001001101001010011100011101101001010101110110100011111110101011101010010011000000000,-9892.902490705656,0.03898984462782599
MWC351,300.01300740242004,9,00100110110001011110001101111000100101000111111010011010100111100110000010000110011110010101010011100110001110110010001010111,-16094.956519428193,0.02714983115933059
MWC275,300.01808762550354,9,011011010100011111101001100010110010111110100111001001001011111000011001011011000101000010000001001111010100010010011110100101110011110,-13223.58875666033,0.040202686921263685
MWC283,1200.0463283061981,9,011110001111110101101010111000001110001101000010111001001101001000100000101010011000111010110111011101010100001011000111110010101011101111101111000100010001101101011,-7326.026292358035,0.0670806965043009
MWC256,16.095672369003296,2,101001101100011100100000000010001001111011011101010110110010011100111111011,-1371.0133149692722,0.0
MWC94,0.5355570316314697,2,0001000100101011000011001101011011011111100000111011101,-771.0173432100983,0.0
MWC388,1200.0567321777344,9,111011110000001010011001011010001001001110111111011100101011110111000010110011000010101011111001110000110111110011000101110101000001101001110111010101101011011100000001011000100110111010000101001110101100000110001100010110101010100101011110001000000111100,-12186.947654197076,0.05406885307798491
MWC225,300.0585443973541,9,100111101111101110111001101001111001100111011100011101111100100111000010000011011100010110100100000111110000011011000000100101010000010011001001000110111011000111000000011100111110011110010110100000010100111100011101001010110,-51377.376845237224,0.021879433510854206
MWC52,1200.032858133316,9,1000001111000110111010110100110011011000000111100011110111110101100110001111100101101100010110110000001100010101111011111110010000101100000000100110100010010011110100101111100,-1175.0618569169674,0.0533663050494229
MWC66,300.0241186618805,9,00111101001100000011110001001001100111101001000010101111111101011101111000010011001011011110100010011110010101110000001101000011000000101010011111001100010001010011000011101110101111101110000110001111101011100110000,-23636.76469535044,0.020196958542433904
MWC107,300.02417945861816,9,10100111011001101111010001000111010011001001011011100101101110010011001101110001000100100111000,-1348.3223675200775,0.0423510927399586
MWC383,300.01771116256714,9,0111010101010011000101101010101111000000010000010111101101101110011100010110100011000000000100011110010011011011000111110100011000110000011110111010101101100111101000111100100110011001000111101100100111001000100000111101101100001101001,-19357.65083668554,0.030167072528794033
MWC389,300.02443265914917,9,001100011010100011110011110011110010110100000111010100101101101011010110011101110001101011001001001000110101001101000000100001011000010010001011011101110110000101100110011101100110101010111011011011000110100111010110110011111010101011110101100001000000001,-41323.171461066915,0.029065580419317498
MWC375,300.02202820777893,9,0011111000110001101110001011100011100110101010000011101000101110100111000101001111000011101001101100101111001111101010101011001011010011110011101000000010000101001010011010000010000111001111001010011010110,-17124.291227832982,0.02354112388524559
MWC36,300.0232949256897,9,0000101001010110011110011111011111111010100100100111000100000110000101111001101100101010100000010100101011100110111,-1407.806087572955,0.026994355999560363
MWC9,0.459395170211792,2,1001101001110110010100011,-281.87373565993886,0.0
MWC61,1200.0401878356934,9,1000001101101101000111100111010111101000100001011101100111110010001011100100000010011010001010110011000001011101011011111101111111110010011001000111000000111001010011011110000101101101001111000000001101011,-3234.1411657301824,0.054302410497153605
MWC257,300.0155785083771,9,101111011011101001100011100100000010100100001001101100111100010110100101111,-420.5086103296159,0.022170209840068546
MWC4,0.011062860488891602,2,101110110000101,-77.46018243873178,0.0
MWC39,300.02090311050415,9,00111011001010110100110010101000110100010101001111100110011010011001011010101100111101101111001011001010100000011001011100000,-1658.1148301876437,0.029299795469661154
MWC295,1200.0412895679474,9,0011001101001101011101100000101100101110010110101101110000101110000010101010100111100111001110000101100011111000000111110000101000110001110000110000000011010000001101010111010000111101100111111101111100110,-4865.75827928715,0.05567051523101213
MWC297,300.02517223358154,9,0011111111101100110101001100110010001011011100000100101011011011100000010010011110111111010100110000000010000011011111001101010101011010110111011010110000000111010010101000111000010101110100111100011101000,-29901.887708768114,0.022531421523904752
MWC57,300.0155379772186,9,00011001001111110001111111010110010001011100110110100010111000110000111000001000110000011110001101111111000011100111001110000110110110001010111001010101001111101111000100010000111100000,-24527.616732350394,0.022383479898208217
MWC14,2.3436672687530518,2,001111010010111000101001011110011000110100011,-987.5265989982872,0.0
MWC45,300.01969599723816,9,1010001111010010011001011111001111010100101010101000010001011011110011001111001011100001011011110111001100101011111000010111010000000100000011100,-8753.305531098082,0.028551043474074164
MWC1,0.0027780532836914062,2,00000,0.0,0.0
MWC115,1200.059302330017,9,11001010010110011100001001010010100000000110101000001010001101100111111101000111110001101111110001011100101010001001111011111,-5066.88803428134,0.08797877712447516
MWC73,1200.0335006713867,9,11011111111010011000001011101000101111110110111101111001010100000001110010101001010101010000110000000001001001111010110110011101100100110001100010011010101010100010100111000111011010011111000101000010111001101101011011111101000000001010010011000,-4508.095175476952,0.05701754453138326
MWC93,107.4576485157013,2,111010110110100010011000110001110100010001101,-1548.8683366830292,0.0
MWC260,1200.0230040550232,9,0101000000000100111000100110101110100111010110111111010110010101011001000110011010011,-4246.74601654857,0.14577404373433933
MWC124,1200.0884535312653,9,01001110010110011111110101011010010011110100100000001010001001111101011001010000100100000110010000010101110000011101110001101110111110011101011111010110011,-8982.046886910433,0.061830876541819124
MWC313,0.004861593246459961,2,01011,-3.175365869134671,0.0
MWC249,105.69934129714966,2,100100111111110011111000000110100000000110001,-2184.8581217421834,0.0
MWC233,300.0354075431824,9,010001010111011001101111100010100001000111001101000001100100011110100101011011111101010011001000101011100101111111010000001001101001101000100100100001110110100110101110100111001100010011010100010011100100100011100110111010110101100100000100011011001111110,-31632.590171044856,0.028712004558835973
MWC85,0.023047924041748047,2,1110100111111000010010101,-141.66384614405004,0.0
MWC21,300.1858835220337,9,10000010010110111111010011100001100000101100001001110001110111110,-3203.4630879182437,0.026829100049805085
MWC98,166.0992112159729,2,00001110101010110011000111100001110100111101110100101100100110000,-967.5250737188363,0.0
MWC15,109.69439601898193,2,110111001001101000000000000111011011011101111,-1941.0159321183814,0.0
MWC182,300.02295541763306,9,1000100000001010001011010001001110110111011111000011110010010100100110101010111101011,-5243.6940511963685,0.04134521521670828
MWC267,300.01117968559265,9,110101101010000001110010010111100000111101101011111010011001010001000101101010100001110001001111110000110,-10438.666495032105,0.0315011528941278
MWC180,300.0244081020355,9,111001110100100111111000010111000100100101011100000110010101010100111011010,-1804.2717006333278,0.03469515994805031
MWC184,300.01291155815125,9,11010011110001111000000101010010111001100101111101101101111110100101001011001111000011000100110,-3626.1682977291207,0.013418035645295612
MWC5,0.019455432891845703,2,110001011001001,-91.01545000859738,0.0
MWC294,300.03102254867554,9,111001011011100110100011010010011010100000010101111000000111000000000111001100100001010110001011111011010110011100111110000010100100101110111101011011111100000110010011010100111011101001001010110,-38891.34705176749,0.023221920918264086
MWC269,300.0186948776245,9,1111000000110101110101100100110110011101000011010011001100110000100000000111110011110001011001110101011110101101000,-2797.113783072464,0.04326444302719442
MWC237,0.005758523941040039,2,11001,-34.02629711825045,0.0
MWC346,300.0125095844269,9,0010010100011000010010100001101001001110010011111011000001100001001111101011001000010101101111111000111111011011100,-5256.44046786611,0.04509978430228091
MWC22,25.017733812332153,2,100100110000001011011110000011101110100000111000110010111101111100111101000,-757.8734730777956,0.0
MWC197,300.0323531627655,9,011001010110101001000111010010110000101100011011101010011010111000000100011110010001010111100101111011000101100110010101110101100001011,-10717.437116932238,0.04494152003053705
MWC223,1200.0367805957794,9,010001101111111010111011010001100110010011000101100101001110010110100110000110000101100111001000011111010100101110110101100110000001101001010011100111001001010011001111100011101101110111011001000101111100010010001100100101010,-14997.064694808369,0.05547327946194282
MWC189,300.10257053375244,9,100101111111100011000110001001000001101011110101001011001110000011101101111100011010001001000011101001010,-11792.987707194028,0.028347697729466246
MWC76,300.0324339866638,9,111001111111111111010111000100000111001010110110011111010101011101111100100101011001001110100110001100101101110111010110111000001101000001100000110111000010010100001110000101100110111110101100001110001010010001101010000001010001000011001110001000011101110,-19397.82551257594,0.04902373184420451
MWC26,1200.0330955982208,9,1001000110000101000100110010001101011101100101111101000010011000111101001011111111011,-4267.59342174664,0.05089627332032218
MWC300,300.0277187824249,9,11111011100000101111011011001110001000000101001101111010100000000000010011111010110100100111010101001100111010110100101101010101010010101110011001010011010110001000001110101100001101001011010111100100111101100010110,-4721.8930074099935,0.020775940912571803
MWC232,1200.0498282909393,9,100101000100001100110000110101001001100100101100111011101001011110111011010111111010000001011001101001001010101110000001001110100111110011000110100110111011100011010011011000001010111010111111100011100001010101101110011001001011100010010011000000110101001,-16905.344024248323,0.05282438084188254
MWC113,300.024267911911,9,1101010110100100111000010000011110101110010100011001010011000011100011001011111101000010111110100001010001101110110,-986.8804675650176,0.04180863513867224
MWC367,1200.038388967514,9,10000110101001000110110010100101100010111111101110000111011010001010111110111000000010010011000100100101100001111111111011111000111100110000101110010100110000010110000111101110010000011,-3883.7350776301646,0.05609153390566548
MWC302,300.0146040916443,9,100001111001100010001111101010010000100110001101110101101010110101100010011100100100101011001001000100011000000000111011110111101101000111111000001100000010001101010000111111101111100110011000101111110111110001011101010110100,-35589.6179871723,0.031185991496561184
MWC104,300.02303099632263,9,0001001111011010100111000011011001111111101110001010000100010100010011010010100110111,-1634.882322615396,0.03539414933678706
MWC321,0.2975466251373291,2,1011011101011101101000000,-718.5676108807831,0.0
MWC338,300.0256562232971,9,1111011100110001011110010010001000001010001110111100011010100001001111011010110011000,-2662.138898358419,0.039405065560352656
MWC62,300.0158452987671,9,0111110110010001101100010111110010111011111001111010010110010111111100011111000100100000010111100101010000110001001100100001001100001000000011110101010101011010101011000000100011100001010111111100111000100,-29594.472323736674,0.031159300534139654
MWC23,300.02580976486206,9,010101001001100100010101100110010010000001011110101001000111111011110110100,-437.48328993071124,0.024136614533705705
MWC278,300.0315134525299,9,0101001101001000001011110000010101010110000000010101111111000010100010101110011001000001110111010000010110011111110101000101010011110011111111111,-14912.951854385446,0.04250695317609043
MWC228,300.03059792518616,9,0000101110101011001000111100100110010110101010011101100111100111010011011000100000000010100100010111010110111000010001011011101001110101100101111001100110011100101101011001011111110001100101110110110010001111101000101110000010010101000,-28165.51877214174,0.020980482685284713
MWC201,300.01442885398865,9,0110000100100000010101001110000111010110111011111010111011101010001011011101000010010110000001111110000001011011001010001001011101001011111011110,-19602.45161348404,0.028333052762221075
MWC270,300.02479243278503,9,1100111010111111101001000111100110000101000000000000110111101100111011111011110000011111010010010100010010000001001,-4157.287766274496,0.02580102684633244
MWC138,300.02820467948914,9,111111110011000100011001001010001100001111000111000111110001101000010000111011010001101101110101101010011010010010110000101010011100110001001000000101011001100011011011100111111000100010111111101,-39031.905411133586,0.023738092513239672
MWC59,1200.0671832561493,9,111000111011011111000101011001110011100111001010110000111110000001110010111110110010001001001100100111100010101111001000000001001101011110001000110100001100000010001000011010111001011110110111011,-15884.265874865425,0.06393169546288309
MWC259,174.94202518463135,2,1110110111110001010011110011111010000111100000101100111010100011001100000110000111000,-610.7812878465732,0.0
MWC160,0.005047798156738281,2,001100101000011,-76.1644728018485,0.0
MWC11,0.6773903369903564,2,01110110100110110001110000110001110,-407.0522034439559,0.0
MWC82,0.005440950393676758,2,101010111000011,-11.991251228714145,0.0
MWC199,1200.080213546753,9,1111001110111101100100101011010111100111000111010000000011111000000101001111010101001001001110011010110110110010100010101001100110010011001010010,-5778.020009160984,0.05245375764882599
MWC212,300.01609921455383,9,11000100111011000110001010111110100100000111000111110011100000010101010010110011011110011100100111010111100010100100111100001100100111101011110010001100100011001110000011101001101011010,-2417.7742039838363,0.033844203411936134
MWC280,1200.0350694656372,9,10001100111101010111100011100110111000001110110000001101110011101101011100100001100011101100100000100111011110110000110011000100100011001011011001110001011,-943.8714932009013,0.06666865967368214
MWC200,300.02479314804077,9,1100111010010111011011101100110011100101000101110010110110011100001010110000010001110110111000011010110001010101011100111111000001000010110100010,-3123.6907985485486,0.03472226722225746
MWC384,300.0237867832184,9,1011001100010010011010111111101100110010011100000001000000011001010101100110111010111011010111001110101011110111010010001111100101100101110111100010101011000000101001000101010110011110011111010101000010011000011011001001101101010001100,-16860.33877928371,0.020777805699386236
MWC271,300.0298020839691,9,01110100010001010001000100011100000101001101110110110111000111100010110011101111101100011001001111010000011101011001001111000,-2472.6342454320356,0.048212368882120785
MWC306,300.03360772132874,9,1101011100011111010010101110101011100010011001011000001000010000101000011000100000111101000111001111110110111101000100101011011100000100011111001110001111101111111001100000010000000110101101001101100101001111011001101010011111011000101,-56008.73586820516,0.022187323215401636
MWC156,300.0594596862793,9,000010001000100100110001011101101001111111111110011010000110111000101000101101101100001111001011001101100111101110010000110110101001000011111000010111000100111110110100001000111001101011000101101101100100010101001111011101101100100011001000001111000100110,-52494.13501700018,0.021702901383314026
MWC133,1200.1130485534668,9,00101110101000111100010111010100010111000001101000011100001101110101100010011000011010110111111101000011001101001101110110010110001010010101100101000101011001111001110011111010010010110,-10200.681187994996,0.05360253674442775
MWC127,1200.0632224082947,9,101000111000010111000111001101001100000111010101101000110011111010010100010010010110001000110000110110011101110011111001110100001110010011111010011000010110110101111,-1037.0560878435672,0.06722714201725037
MWC288,300.02264428138733,9,1010111110000101001101110010110010000100001101111111100111011010110101001010010101010010111011010111100010101000100001110011001001101101011000110010011001001110000001011011000,-12556.810885031126,0.02095290985867619
MWC285,300.0213348865509,9,010011011110001011000010110111010001110101011110111100001101110101110110011001001110011101100111011000100100110010100111011001011000100110111000011010100010010000000,-17064.228361128502,0.023403263419708033
MWC264,300.01525807380676,9,11010111011111100101100011011001111100000101001011100000001001001000111000011011011000111110000,-974.0028235749661,0.02755850438796139
MWC43,1200.0651082992554,9,1101001010001000110100100101110101100100000001001101111111111111110101000001010110010011101010010001011110000001010010001001101011111100111101110,-3336.614330100094,0.06449443269358864
MWC162,0.04180002212524414,2,101100011101100,-211.42653947603154,0.0
MWC146,300.03521704673767,9,010000110000100111001001000011101001011111011010000101100010101111001111100111111001001110010100101101000100001101111110010111100100110100110100001000010111000111100100011100101001110001010101110100001110111110100100001001011,-25331.687163525665,0.030693965327751364
MWC373,1200.0858595371246,9,1111111011000111111110010111010110101100101011111100101000110000011100000000000111100001011011001011100110011111010011001101001111101000011110100011100000011000100001011110001100100011000000011110101001010,-3122.1622081057944,0.05193054721278326
MWC273,300.0210311412811,9,00010100111001110101101001110010111110110010010000011101111001111011010001010011000111100100101000000101110110000001110010111,-16226.33626599232,0.027290050964734
MWC310,1200.0667889118195,9,111001011110100001001111100010111010110000001000110110100000101101000111101010111110101110111101100101101100010101010011100101101110011100101110111111100111101010000001111011000011101011000000110110011010011000101101110000111100001000101100001100000001000,-24014.41201493687,0.051848380904804765
MWC155,300.030775308609,9,111001001010011100000001110011100101110111011100011001000010011001110000010101101010110001110100011010010010111001010101100101101011100011100100001111011010101110001101111110100101101001000101101000000101110100001001101001100110101000011101101111100011111,-18011.795288712234,0.028869078811858413
MWC53,300.0603907108307,9,0111110000111010000100000110110101110100010101010000100010111000111010111000111101100110111000101101101011110100111001000000101111000111000100101100011011101001100001110110001,-10722.144714127171,0.036133979184131415
MWC292,1200.0318174362183,9,110100011110000100011100110001111110111111111011111010011010100011100000101000011100011111110001001101100001010100011011011110101110100100010000001100101111001111110010010101011101011001000000000,-14566.225976796348,0.055389404073589235
MWC342,300.0468029975891,9,11001101100111001000100011010111101001000011111010000101001000101011011001100011011011011100110,-7579.238709424537,0.03420548739636888
MWC219,300.0356476306915,9,1000110100111101110111001000111001110100011001010000100001101000010001101101011110010010011010111101000101000111000101110101101000001111011010110101001101101011100111111001001000010010001011110001011001001,-34650.234908997954,0.019436399361534438
MWC157,0.0034372806549072266,2,01110,-9.780941902881452,0.0
MWC88,0.13195347785949707,2,10011110111110100000011001100100011,-548.5122433239234,0.0
MWC362,300.02237129211426,9,000111001010010011101111001010111001000111011111110100001000110010000001101011001100111101110110110100000001110001111110000111101000010010011001101100011100111001100,-15544.398145316072,0.036795145074367826
MWC382,1200.0447449684143,9,1101001000011110110000100001011010100001011011011000101100000101011110100000110011101010001111101100111011110111011010111100100011111010000000111100100010111110000001101111100010110010001101001101100001001010001101110011110011110101001,-14508.43379700262,0.05501034834415699
MWC10,0.14721035957336426,2,11101000001100011011110001000111100,-108.45561742530093,0.0
MWC149,300.02930450439453,9,0010001111011101100001100010011010011111010000111110101001001110000110111101100101010011111000101010011011101110010001110111100101100010101000111010011001101010010000101101110101111100011011000010001000010101111000001100001101001101110,-7777.63406516172,0.031851700913393115
MWC316,0.007358074188232422,2,100000101010010,-31.939637126423126,0.0
MWC50,300.0307810306549,9,101110111100101000010011111000101010000010100011101110011100011001111111000011010000001011000000111100011010011111001011010001110010001001110101000100111001111111000,-13631.510270760557,0.040715985581663214
MWC35,300.0343596935272,9,0110111100000000110101110011010101001001011010000101000101010001111100010111010110110110111000111101011001110000011,-958.839375421664,0.042808345584751877
MWC369,300.03099250793457,9,11101010101111101100010101001110101100101100001011000101000110010101001110010101100100101110001100011011001000101100000101000101111111101110000000001100000011111101110100011100011111101,-13926.225735410017,0.022840171055394688
MWC196,1200.043775320053,9,010001010000110100000100110111101010001101011100001011111101001011111011010001000011011101011000001011010100111100010101111010000101101,-7162.442291389864,0.10120369344480581
MWC25,77.87437987327576,2,1011001101010010111000000111101101001101011001010001010010011001110010001000101110101,-1574.7460173634245,0.0
MWC151,300.0287449359894,9,00001011010101111111110111001001011111010110001010110000101001111110110000000000100001111101000101101011010110010001110101011001001001001100001101110100010010010000001010110110101100101010110100111110101111101000010101101110101000101000111010001,-9048.387173907167,0.049560220758529096
MWC37,517.8772766590118,2,00010110010101111100011010011111110010010111111101011010000011011011101011000111111001001100100010010111100001001100001010010,-1899.0925862076608,0.047620411895904796
MWC254,211.65904688835144,2,10110100010011111011000110110010100110100110001011100010011011000,-2175.0089931075076,0.0
MWC284,300.0463402271271,9,110000000111101111010110101101101100010100100101001011111101010110100111100011101000001001110010010110110001111000100100111001001110001110101000110100111001100011001,-9848.722003378949,0.03918885306729103
MWC349,440.0069878101349,2,11000001110101010100010110111111000010101101111011100001011000011001010100000101111011000010111010011011000011001011011010010,-4204.093697263764,0.04938189543791601
MWC374,300.0307447910309,9,1010110001111011101011011011011000001011111010101010110010110101110101001101000010010000011011010001101100100110110000010001101110111010110101011100111011110111001010100010011100001000100100000011111100000,-17767.866908651507,0.029596142893994055
MWC246,5.666576147079468,2,10000011000111101101110101111000001,-139.43979708742694,0.0
MWC72,300.05714201927185,9,0111000110010111010110111101011010110010101111111000101110111001100100010110011011000001001101111101111011000010001010001001101110100000111100101101001100101110111010011101010010000100100110010000101010001001010010100001001011011011001,-16697.00716635701,0.02014050770904741
MWC140,300.02819418907166,9,1100001111000101111011001101111101001111100101001010011100010111111111001101100101111100000000000000101011001100000011010100010100110111110110010010010110101100010101011100101111000000000000111110111001110,-20938.581511395147,0.030509928390006717
MWC87,0.40087127685546875,2,0011000000110011111110011,-444.0600554193357,0.0
MWC48,300.02138566970825,9,00110110001111011010100100000110110000111110100100110011100111110111100101010001011110001100010010001001010011101111010000011011100111110100100111100101000,-20093.51354579637,0.024470363855867493
MWC352,1200.0511438846588,9,011010100100010101001011101001010000111000111100010011101000101110000111111011100010111101001101011000000000111001010000100111111010111,-2171.984720264173,0.052186686440045524
MWC326,7.10185170173645,2,000011000011111101011000000111111011100110101,-921.8222726322981,0.0
MWC379,1200.0543539524078,9,110010001000001111101001001000001011110110100110010000010110000110001111011111000000111000010001000110100100011100101111100110100101011001011100101100011001000101110001101101100101111101001101010110110111000101100111001111111,-15113.52821353348,0.05119736906145124
MWC142,1200.0730850696564,9,00001111101010111000111111111100000001000100110111001010111010110011000111011000010010111111110001000000010010110001110101000000000000010111011011110101111000101010100110101111110101100010101011110111110000011000010,-17549.28022636199,0.0509837058152602
MWC385,1200.066906929016,9,11100000100011111100000001111101000001010111101111001000001101110011011100100010000110101110110011000111011111011010010110010010000000100000111110001001100011111000100110001001011111100101011100101100111111011010011110110101001000001100001111010,-15457.586168687178,0.05054953047474496
MWC238,0.01876521110534668,2,010010111101011,-84.30842485256854,0.0
MWC204,300.0135746002197,9,10010100001110010011001110001110110100100111011111001001110100001111011001000010110000000100111011101100101110111010010100101011110110100000110000111000111,-19806.20352451562,0.026958703885744357
MWC216,300.02218079566956,9,111011001100100100011010001101011011010011000010011010001100101011100010110100010110000111001110011001001000111011001100010111100010000010001101011111101001111110100000101110010110011101010110111,-7850.297920416823,0.021211350442181323
MWC185,300.0187931060791,9,00101101110110100001000101010011011000110011011000111000111011101110010110001110001000110100111,-1336.7026053808754,0.04446015354863902
MWC268,300.01635456085205,9,1000000101101101100111101000011111000100111110011001100101101011010100100110001010000011111111010010000101110000110,-4127.6508258670365,0.044885251878690316
MWC123,300.0184426307678,9,0110100001010100001101001110111100010111011011111100110000010011001000010111000101011011100101111110110010110000010100111100110011110110000000011,-10885.327136350683,0.027510819028911452
MWC345,300.0141942501068,9,000100011011100111110001110101001111011110100100100010010100110110101101110001001011000000010010111011010,-1171.524726819915,0.029807747631652483
MWC47,300.0135819911957,9,11111100010111110100000000111000101011110101011011001000010000110010010011111101100111100101110100111000111001110001010001001110111111001100110100001010000,-5299.18727066844,0.03760536507005816
MWC281,300.0174276828766,9,11110100101100011011001111111000111000010100000100001010100100101110010110000110010110111101001001011110101111101001001101010001000110011000101010101110011,-14141.933987579623,0.04131630859149331
MWC252,300.011999130249,9,1010000101000110010010111100110011010111001101111010100,-322.3736865422477,0.01756537169329114
MWC68,300.02567052841187,9,101101010001100101101011010101110010010100110101110100101101110001101000000101101001111010100010001100000000101110101010010111100110101101001001010101010010000011101010100001101001101110100111111111110101001000101111011010010,-14238.686157508626,0.03164599158226404
MWC314,0.0032355785369873047,2,00101,-8.978402302924028,0.0
MWC328,0.42217111587524414,2,1011101101000100010001111100000100011100011001110010011,-939.738970515009,0.0
MWC298,1200.0280103683472,9,00111101101110100100010100100111101110110000001000100000001010110100001001010111011011010111110101111001111101100011001110111111010001000111011111011011100100111000000111001111000010000001000101001001010010010100111,-15730.555621992264,0.054232913972294704
MWC303,300.03270411491394,9,011101110001000001110001000110100010000000010011100011101001111001000011111001011100010011001101100000101100001100100100101111110000100001111011100111100100010101110111011111010101010111011110011110011010001101111110010000101,-40717.71718165756,0.022847529147641304
MWC236,0.003315448760986328,2,00110,-12.625888422209465,0.0
MWC118,515.8571193218231,2,000100101001010111100110011110110010100111011000011110101011011011101100010111001001001000110011011001111101110101000101001001001010101,-6965.312973602099,0.048369128073900904
MWC65,300.01532888412476,9,01000011111101111001000000010100100100101110101100000001000101000011001111111111000000011010110110010001101101001011011101100111101110110100011101000110110100111001110010001111101100100111000101010100011100110011010,-26375.41703401077,0.030357454831766193
MWC356,300.02305459976196,9,0101001101110000100110001100011000100111100111011011011101000100010010011110011100110010110001011000100110011000111000111100111110100010011111101,-12114.692632399607,0.04613329120122032
MWC174,300.0176491737366,9,1000001111001000100111001110011011110100010011011010111,-989.3549158998692,0.021166644630715145
MWC158,0.0047795772552490234,2,10110,-7.310160973629428,0.0
MWC376,1200.038346529007,9,11000111000001110110000110101110110111100100111101110110010100011100001110001110101101000100111000010000101001011100100111011100100110001010011000001101101001110101101101100001011101000111100110010000001011101100010,-13747.591148780575,0.0542440687285019
MWC7,0.02984452247619629,2,0001110011000000011010111,-218.54340406902497,0.0
MWC215,300.02378487586975,9,100110010000110010100111111111011111010101011101111111100000001000001000111001001110111000001000111101111111001011010001101010110100000101001010100110110010111110000100111000000101001000001110111,-24401.472692747906,0.03531614527172129
MWC276,300.0189063549042,9,101010001001001011110010101001000110000110011001001100101110110100011100010101110101111101100110001101000101000111111100110101010111000,-9456.310391105264,0.02668781899491651
MWC121,1200.0842287540436,9,0010101010001110111111111010110000011001001000010100011000101000110001110001100010000101101111001001101101101011001000011100011010111110111000011,-2424.2544165169443,0.060084123001318074
MWC79,0.004698038101196289,2,00011,-7.290784074891937,0.0
MWC172,0.7424185276031494,2,0100001100011110110110001100100111011111100101010001000,-921.0887570809559,0.0
MWC170,4.567971467971802,2,110011011110011100000101000110110111010001010,-1399.6337061422425,0.0
MWC49,1200.0406107902527,9,101010000110100000001011011110100001100000010110101000011000011001011001101110100011111101111010100101111001000011001011001111111110011010011001000111110000110011100,-9492.43206326047,0.07271838555395994
MWC83,0.008874177932739258,2,100011101010101,-49.768507438396526,0.0
MWC144,300.0242121219635,9,01001101100111010010001011011001001001110000100010100101110101101101101001000001101001100111100010000111011111101001111001011001011100011111001101000000001100001001000110011111110110000110001100110110001100110111110,-37913.488046134655,0.0218859287194172
MWC312,300.03040075302124,9,010001010100110111000001101100101110000101101011011101110001111100010010000011100110010001001100101100110000101000101010001011010101111000011111010000111100100100010100001000111101100101001011111000010111101110111111011110100000111011111010001101000100100,-33018.03291380701,0.020045551734930757
MWC205,1200.1458389759064,9,100000111000010110111001111000110011111110011011001010000000001000110110101110110101101000111111000001011101000100101110110001010110010011000110010010010110110110111,-7260.352741590595,0.06404107922975487
MWC250,0.6234128475189209,2,1011001111100111010110111000100110100000110111010001100,-789.3341752809151,0.0
MWC309,300.0301160812378,9,01110001011000110100010101011011011110100001001111000010001011110110110010111011010110110000100101111011011111110011010010001010101001010111101101100101110010100000000101111101010100011101011100111011011100010000110000101101000001011100000011100,-36676.131914380276,0.021298198468380426
MWC214,1200.0360839366913,9,001111011111010010000010111111100000010111101000101001000011101000001010111101001010011110010000111000000100110101111011000000111010000001011010011110110101011011010101110000111100110000011110111,-11576.161290903381,0.05549088631550535
MWC69,300.02729296684265,9,011000101101010100110111100111101111011000011000110111101100100110010010001011010101100101000110000011111101001111000110000000101000111111100001100110011010001000110010100111110101011000011100111110011000110100101001101101000,-15468.434256907436,0.021023039018376186
MWC372,300.021409034729,9,101111010001000111001010110011101010110001110100001000101010100000000110011100001100011110100010101110101111111100010110110101010100100011010110110111100001000011100110010110011010101110111001000,-39323.154956565966,0.02418663403233598
MWC336,300.0804669857025,9,101000101000111111111110000000100110100000110010111110001001111001010110110,-1209.8400087748023,0.02976619700873955
MWC378,300.0207369327545,9,01111100001011101000111000011010000110011001001011111100101001100011000001011101100101001000111000101001011111110101110001000110100100101111011111011100101111101111100111000011101011110001100000000010001101001001000,-4750.748156391955,0.020910811189364407
MWC239,0.019887924194335938,2,011101111000001,-98.83698287740921,0.0
MWC188,300.01850986480713,9,111110101111011000101000011110001100101100101010101000110000011000101011100011110111110000010110001100001,-2482.130702636362,0.04551713188402167
MWC277,1200.0440380573273,9,0100011110001101110000111010110100100100010011000111000101100001110010010011000100111010101101110100100110001011111100011101001000011001011100001,-1590.8624985120882,0.05951571427227682
MWC363,300.0224702358246,9,010110010100000001011011001111110101100010100001110110011111000001000011101001010011101010011100011101110100101110100011101101001101010001110010001111001010101001011,-11209.305925632643,0.02033989231841062
MWC56,300.0230052471161,9,11101011000010000101011100001110011000011111001110101000011111001100101101011011100110111111111110110000001111011010001011010000111110001010010001100001011100110110010010001000000011001,-24156.189466183365,0.03503154556611422
MWC293,300.04218673706055,9,001000110001010011100010110111010000110010001100101111110001011010100000111010111010011011011110000001010111011110001111100001111010001000110101001001000010101101100011110011100011001011111011110,-21440.58023645379,0.03382869249365565
MWC64,1200.0349423885345,9,11000010101110110001111110100100100010000110000001111101111011001000000001011011010111010010010110110110010100110000101110111001011110010000001011010100010000110110111010111110111000100010011110001000011010110110111,-3451.0481215719833,0.058917528666787386
MWC119,300.0190749168396,9,110010001111010100100111001000001110100000011001111010110101101101011000101011111101101011010101000001001110101100010111001000010011110,-10592.01072038931,0.04529338503568132
MWC147,300.03226113319397,9,011101000100110100000011010111101100010010110001010111101010100111001001011001101011101011001000001110001101111011110001000110001001011000100010011110100000101100000110101101101011110011111011111001000110011101000101000111101,-25895.57328502761,0.021146112795805347
MWC183,300.0244200229645,9,1110101100000111010011000011000010011100111011111001100000011001101010011101011111000,-4550.14731821669,0.03243260370517902
MWC318,0.024967432022094727,2,000111011101100,-215.48824092981621,1.1990090405328301e-05
MWC230,300.02677869796753,9,00110110011111110000110000010001110001101000000000000011000010000111000100101010111001100101101110111111100101001011111111110110100101010010101010010110011011110100001001111001110101011111001110000010100101011000111000011111010101100101101010101,-29363.4802353304,0.027804429189842775
MWC161,0.020597457885742188,2,000110011110100,-149.8619740653403,0.0
MWC143,300.02496218681335,9,11111100010111001011101100011010111001110001101100000001000001000011000011001110100111101110001100110001101110110111001011111010101100000100110010110010110010101000101000101111101101001001000101101110110011011000000,-23113.70013131772,0.029646967792499913
MWC12,5.763733148574829,2,11000101100010011011011100011100011,-277.4004202167698,0.0
MWC343,300.0157723426819,9,110101000110101111101001011111111001101001000001000110110001110001111111100100010000010010010111010000001,-1292.699968793459,0.019539375612698768
MWC221,300.0394940376282,9,10001111011010111111111110000010100011101011100111011001000001010000100111000111000100010111000101101110111100111110101001010111010100001100101101011001100011110111110100000010000001110111011101000001001100100011100,-25884.009083631747,0.030032354036043065
MWC70,1200.0381381511688,9,0010101000001101010101011011000110100010100010000000101111110101001111101010111111010101111011111000011110011110001100001010010010000000010101000010111000101101100001100011111100110100001111010010110011011101101101010011111000011000001,-8369.098478608465,0.054154174661667345
MWC319,0.026515483856201172,2,0101101100100110111001001,-219.70845497271108,0.0
MWC274,963.2923929691315,2,011101001101101101110100010111101001110101100010010001100101011001101100011111011110101110100000000010000001101000011001001001111011111,-1405.2205674687325,0.049180879397023966
MWC192,300.0098645687103,9,1100100101110000100000010011010111000011100101111111110010010011011001011101001001010101011001001110101111011100000,-11221.29088860011,0.028278633031083886
MWC220,1200.068534374237,9,01011011100011000110100101010010001100000111011001010011001111010010101010110011010000101111011100000010100100010001001001100001111100000000011111101100110101011110100111100001101100011001111101011110111110001000101,-13911.270712857135,0.05300370491206185
MWC117,300.0732660293579,9,11001000010100011011101101110110010001010110111101110110010111001111001011101000100000001000110111010011110101110000001001010,-3264.230937135624,0.02948805614532833
MWC222,300.0220766067505,9,00101010100110111110110000111001100100101101101010100011110101111111001100100010011001111110100110110010101101100001101001111111110000001101110010010100010010100100011011111011000010010001001101100100000110001000100,-46964.522960615686,0.021197190483419212
MWC325,0.16898536682128906,2,010010001011001110010011011101010010011101110,-91.74264887357916,0.0
MWC90,3.0454185009002686,2,00110110010111111000001110111000001,-554.6239835910937,0.0
MWC235,0.004369497299194336,2,00111,-13.01019223786892,0.0
MWC165,0.4143192768096924,2,0001101111011010011001001,-443.0690868650573,0.0
MWC137,300.0201463699341,9,111001010111000101110110001100100100101100111010100110101011111111000101011100101000010110111000010000101110001110000010110010001100111100010101101000010101011000110001011010110011001111010110001,-27108.60933686626,0.037148886003139134
MWC262,300.02327394485474,9,10111001000100001111011000100100111101101100011001010011010110000101110011010111111000001101101,-3272.117174140807,0.02021920381084663
MWC154,1200.0685296058655,9,000111010000110100101000111010010011001100111000111111011011110010100101110111100010110001011111111110000100101111000110110000001010000011000011011100001011110011111010010011101101100010101100110011111101011001110001110001100001101000010011010111001100010,-9598.110514359874,0.051102381312505704
MWC296,300.019314289093,9,1010111011000101001110010001001101110111010101101011100011100111000000111001111010101100111110011010010101110010110110010101110000000000111111101000010001100001011101011001001110100100001001001110111100000,-3005.1601437490003,0.029593582432500546
MWC211,1200.0394418239594,9,11110110111110110101100101011100011000110011000001101110010010000100111011011100100001100011000000001001101110011010101010110011111101010101000111011001111000100111000000000110000101101,-10662.271352140622,0.05278854466090287
MWC390,300.0223274230957,9,010000010101000001000101101011001010111110010011111010101110101010000010000010100010000101101101001110011000110100110101100100001011111101111111011001101001011101101101101101001101010101110001111010010000110010100110110001101111011000101011011001000011000,-13217.793762217512,0.021126791331218146
MWC167,0.5339281558990479,2,11110101100000000011111111100100100,-291.2310822422903,0.0
MWC366,300.0220115184784,9,0110000001010101101001111011100100011011001000000100000011111100101001011111111110101100101001000110111011100111011000101001011010111000011000110111000111010010001010010001111,-3188.042296473033,0.021942725731552065
MWC243,0.34754109382629395,2,1011001000110110100101101,-650.5565496101092,0.0
MWC159,0.0052220821380615234,2,11100,-29.302168509342497,0.0
MWC150,300.03430342674255,9,0010001001101001000110111001111000100110011111111010000100010111111001110111011010101100001111001000000100111100100101110011000011111110000000010111001110011000101010111110110010000010000111001011101100100100000101001111001101111010001,-44776.68935370604,0.022125677733365694
MWC193,300.0587422847748,9,11000011101111011101111110001111100110001000110100100000001000111110010011011101000101010000101111000101000111010001011111111,-618.161626620799,0.04869463917554323
MWC153,300.03218698501587,9,10101100100101101011010100011010000010000010010011110010110111001011000100101001101110011011001000100100111111001011100101111110110000100110011110001001010101010101000100010000011011001010001011001111011101100101111111100110000110110001110010110,-42941.371537174906,0.021770083008496716
MWC106,300.0147910118103,9,11110101100000100111000100111101000001010100100010110101000111101111010100100011101100101010101,-1842.3234362477085,0.012046100801608601
MWC129,300.0285403728485,9,001110100101111110110111111101010011001100011010101101011111110100100110111001100010011000011000001111001110010000111001000001100011101100000011010001101001010001101,-14006.658571008162,0.020071434467611234
MWC329,20.174363613128662,2,1111110100011010001000011001111100111100100010010011100,-2383.1231577861204,0.0
MWC84,0.030670881271362305,2,110111000000110,-197.11291621948072,0.0
MWC255,300.01666235923767,9,01011101100111000011011000101101011100101010010000010100110101011,-1381.5537342019547,0.025883783361820945
MWC38,300.02438163757324,9,10010111010101011111110010000010000011100010001111011000011000100110101110111100011000011110010000100111100000110000111011110,-11629.149106056095,0.035964459719434065
MWC58,1200.0399272441864,9,101010000000101110111101000000110000000101100111001100011101001101010110100100101000110111001101110100100010001010111000010111011000011101001011111000111100111110110101110101010001001011100011101,-7360.60783220567,0.05567029791533491
MWC380,300.02223777770996,9,011010001111110000010011101011011101000001001011000000001110011010000010101111111111000100010001101001101000000100111110111010100100110100111010100110100111011011001100011110110100101001100010111011010010101100010011001011011,-3569.4969643294057,0.031923458405173466
MWC207,300.03998589515686,9,010011111110101110110111000100011001010100101111101000101100100000010001100111010001001001111101001011000111000011111100000000011110110101001001110001100111110001100,-13892.55851653588,0.021099525293182337
MWC134,300.0144956111908,9,11100011101101101101010110100011001111011011100111110011111011110010111001010001010010011111010000101111011000110100100011011101000100011001000000000111100100100010000100110110001001100,-14557.880435391296,0.035628247095959825
MWC365,300.02546286582947,9,0101001001001010010111100101001000100111101000010000101101100110000111101001010001001011011001001111111001011011100010100010011011001011110101111110010010111010000001111010101,-15176.166589035533,0.036545701929408175
MWC92,4.131027698516846,2,111001100110000111100001011011100101000101000,-772.6571913690414,0.0
MWC80,0.004724264144897461,2,01001,-2.046531527500851,0.0
MWC125,300.0156238079071,9,11101000011110010001011100011001101011001110011000101010100001111110000111110010001001011101100100111100010000110000001100110110000001110110111101111000010,-8657.29807517901,0.04006588282499205
MWC122,300.0251433849335,9,0001101000110100010100010100110001010100010100111100101100000100010111010110010000010101011111111001001110110011110100111011011000100110111111010,-1528.7079916680132,0.03891901516987428
MWC18,300.01602721214294,9,0010000011000000110111011110111011101101010001101111100,-2657.510979906098,0.027671873838428913
MWC226,1200.0486316680908,9,0011010010111101110111100010100011000010100100110000000011110110011100110000011011010011111000110000100100011110100010011001001000101001110110101111101111011000011111011010111001110010101110011110011001010011101001010010010101111000000,-12761.09305889696,0.051975402305367305
MWC28,300.01372146606445,9,11111100000111111100101110010001001010101110001111011110010001101100001000101100000101000111001,-1460.9006179499481,0.01050415428834898
MWC337,102.0658802986145,2,1111001011001100100100110101001100101101000111001000000011111111010010110000110111001,-2098.2227113507192,0.0
MWC248,3.67527437210083,2,011001010010111111111010000100101010100001001,-1234.45745746586,0.0
MWC253,1.737229347229004,2,10101100101100111110000001011101000000111110110000011110010100010,-1667.2331531202335,0.0
MWC218,300.02533745765686,9,0101101001001010100010111011000110001110111001011000000010010110000011010111110110001111000011000010110010001011001111001101101110000000101100110011111101011001010000111100001011001011011011111010101101010,-14950.929515521671,0.026407671877882632
MWC229,1200.0682482719421,9,01100111101001110100111000110010000010111111110001001001101111111111011100000010001100110101010100101010010011111011110110011100100001000110110100110101101001000100110101000001110100100111011001101010111100000011111111000100011101100101010100100,-20039.862226669855,0.05096271961758411
MWC370,1200.0398778915405,9,000001110101100110101001011010110010110111011010101101010100010100011000111100110000000110101110100000010101110001110110100011011111100111110110001000111101110101110101100000100110100001111011001,-1451.3449621643301,0.05260520135270688
MWC217,1200.0296547412872,9,0111011011011100110000011111000010001111011111011100101010010010011110000111001100000001111101101110001101100100010101000110101110011001001111000000100011000100110101110111100101100101011000110100001110001,-9660.317435263605,0.05635490850737803
MWC334,36.2808563709259,2,110010101110111101000111001110010111100111001111111000110101100000000100000,-480.39714387441785,0.0
MWC51,300.02731490135193,9,101011011111001100101001110100011111100000111111011111001101001011100000011111000001000011111100010001110010000101001100100001010110100101010001100111001110010111001,-27815.576995132138,0.021622874466702302
MWC266,300.0177221298218,9,101011100001000011111100010011001011110010001100100001111010110100100000011111101110001110100011100011101,-793.4403386568354,0.03787040565173058
MWC224,300.025244474411,9,000100000010011000011001001101110100111111011111111000100111100101000010001000100110001100111101000101110000100100110111111110101110101101010100011110010011010100011100111110010000100001100000110101111110010011110001111001011,-14353.53368686442,0.0297595154769279
MWC128,300.0333194732666,9,111011001000000010101000001110100111000111111010000111011011101011010110000001100011101110010010111001011011000101011001010111111011001011100111010001110000001100011,-3902.4291578775237,0.034028277273849175
MWC241,0.03516554832458496,2,0110000011101101111001000,-33.968191220108444,0.0
MWC198,300.0285863876343,9,111101111000011000111100000110011110101100000110010100111100000011110000000100000111111110101101101001101011110100011000101100101100011,-7757.525935366812,0.029976347851524875
MWC109,300.0149953365326,9,010100111010100100111000111100011101110010100010011110111001110000111100000110110000100110000111101011110,-3975.8783626848085,0.01743066728531406
MWC130,1200.0684015750885,9,0001011001110011001101100100110001110111010000001101010100111001001010100011011010100111011111110110000011010110111111101111000011001001001001001011001000100110101010111010000,-7221.0193127649945,0.059203606132209645
MWC242,0.07954144477844238,2,0000110111111101001101011,-121.2923170863032,0.0
MWC139,1200.1001842021942,9,0000111111001101111011000010110000100100000111111001001001010111100001101000110101000110100111110111101011000000011010111001000010110010001110110011101011100010111100110111100101100001001111011010000011010,-3183.03922890223,0.0560984887663135
MWC244,0.12162542343139648,2,11101110010111100100101111001000100,-109.08349484409987,0.0
MWC191,300.0186433792114,9,1111100110011011001001001101100111111000101000110110100100001110110001000110010110111001000001101010110011111010010,-8380.041797123748,0.044754073794699235
MWC341,300.02065348625183,9,00001101011010111100111010100100101011000110101101110001101000101111111010011100011000001001100,-3349.645631714582,0.04147652997566552
MWC272,300.0154047012329,9,11101000111100100011011011110001011100100011000101011101000000010011001100111000111101101000011010011100010001101100100111011,-8963.690126256703,0.04137681665787758
MWC364,1200.1387166976929,9,0111100110001011101110001011000000110000111101010111101101111100100110101111110000101010111011011111010001101100010000000001001110001010100011000110011000011001000111111010010,-7020.308353505456,0.05689085975771624
MWC99,300.0148723125458,9,00111010011100000110111010100011111101100010011000001100011100101,-908.8205471310102,0.030542924690133155
MWC33,300.0188238620758,9,110011100000011000110100101100111011101101110001100110000000010010011111111100000101000011111111001010101,-3502.090788907354,0.025637459302027477
MWC148,1200.0783989429474,9,0011011101111001010100011101101100011100000110001100111000100011001110010101110100110110000101101011110001111011000010100000010101010000100010110111010010111110001000010000100010111110001000111101101111111000110100111100101000011011110,-10568.773451531491,0.050048582803037145
MWC358,1200.0508170127869,9,01010101110011101110010011011100101110000001000110101001001011111111011000100100110101100000101011101001010100011010111100010111101111001101110001001001000,-1873.3817300597784,0.06298007551056438
MWC308,300.0280876159668,9,01010000011111100010111110101110011010010111111010101011100100001010110100011011101000110101110101011010000011000001011011001011000000000100101010001000111011010011110000001111010111001011001000100011011111100010111101110000011001011001110001011,-33517.04855216916,0.02987091478258931
MWC74,300.0348563194275,9,01011001111010110100101101001100001000101010011101110001110100010011000110101001001011110001001101000110011100101000111001010000111100011110101111000000000111100111100011111001011011010101100111111000101111110000111101111111000001010010000001001,-4295.5797998328535,0.028611663146053637
MWC301,1200.0469255447388,9,000011110110001111000010000111110010010001000000100111101001101010001100011100101101101011001111101000111101100101000011000111010011010000010010001010011110011101101110111001010011111110101000110110000001110001111001011101110,-5765.666592925177,0.053913138262393884
