{
    "nodes": [
        0,
        1,
        2,
        3,
        4
    ],
    "edges": [
        [
            0,
            2,
            4.605380446858755
        ],
        [
            1,
            3,
            1.6354164698564344
        ],
        [
            1,
            4,
            0.27346531707630284
        ],
        [
            2,
            3,
            1.2686680517061684
        ],
        [
            2,
            4,
            3.8742230379429046
        ],
        [
            3,
            4,
            2.5108684675513713
        ]
    ],
    "description": {
        "instance_id": "MWC236",
        "instance_type": "MWC",
        "original_instance_name": "N5E6_ERG_p0.5",
        "contents": "orig_MWC_G",
        "comment": "Nodes and weighted edges. "
    }
}