{
    "nodes": [
        0,
        1,
        2,
        3,
        4
    ],
    "edges": [
        [
            0,
            1,
            8.742270323035715
        ],
        [
            0,
            2,
            8.105699576604241
        ],
        [
            0,
            4,
            4.78516846204301
        ],
        [
            1,
            2,
            4.525528934524423
        ],
        [
            1,
            3,
            0.6833451527355066
        ],
        [
            3,
            4,
            8.617566310989558
        ]
    ],
    "description": {
        "instance_id": "MWC2",
        "instance_type": "MWC",
        "original_instance_name": "N5E6_ERG_p0.5",
        "contents": "orig_MWC_G",
        "comment": "Nodes and weighted edges. "
    }
}