{
    "nodes": [
        0,
        1,
        2,
        3,
        4
    ],
    "edges": [
        [
            0,
            1,
            6.584175620396611
        ],
        [
            0,
            2,
            4.931872523664378
        ],
        [
            0,
            3,
            8.786953228658525
        ],
        [
            1,
            2,
            4.287009399673723
        ],
        [
            1,
            3,
            5.69026320962405
        ],
        [
            1,
            4,
            2.6328514497286264
        ],
        [
            2,
            3,
            3.710258345845139
        ],
        [
            2,
            4,
            4.095724966653625
        ],
        [
            3,
            4,
            6.2344737899761435
        ]
    ],
    "description": {
        "instance_id": "MWC237",
        "instance_type": "MWC",
        "original_instance_name": "N5E9_ERG_p0.75",
        "contents": "orig_MWC_G",
        "comment": "Nodes and weighted edges. "
    }
}