{
    "nodes": [
        0,
        1,
        2,
        3,
        4
    ],
    "edges": [
        [
            0,
            2,
            5.129898219567748
        ],
        [
            0,
            3,
            6.2100103707669545
        ],
        [
            1,
            4,
            1.6702836475342182
        ]
    ],
    "description": {
        "instance_id": "MWC235",
        "instance_type": "MWC",
        "original_instance_name": "N5E3_ERG_p0.25",
        "contents": "orig_MWC_G",
        "comment": "Nodes and weighted edges. "
    }
}