{
    "nodes": [
        0,
        1,
        2,
        3,
        4,
        5,
        6,
        7,
        8,
        9,
        10,
        11,
        12,
        13,
        14
    ],
    "edges": [
        [
            0,
            1,
            2.5178789993713138
        ],
        [
            0,
            2,
            1.3323100957840899
        ],
        [
            0,
            3,
            1.1060429363706723
        ],
        [
            0,
            5,
            4.977957890617848
        ],
        [
            0,
            6,
            1.9134130876998117
        ],
        [
            0,
            9,
            5.641547024977854
        ],
        [
            0,
            11,
            1.462199474878334
        ],
        [
            0,
            12,
            1.6391919148601057
        ],
        [
            0,
            14,
            1.0616588630063988
        ],
        [
            1,
            5,
            1.678880198640421
        ],
        [
            1,
            8,
            0.34330474251692
        ],
        [
            1,
            10,
            5.7080068886158735
        ],
        [
            1,
            11,
            5.888234491197721
        ],
        [
            1,
            12,
            0.8936180985663578
        ],
        [
            1,
            13,
            0.22317685473481164
        ],
        [
            2,
            4,
            5.714332765150171
        ],
        [
            2,
            6,
            0.5753811526098134
        ],
        [
            2,
            8,
            5.80896057441153
        ],
        [
            2,
            9,
            5.8686523154304915
        ],
        [
            2,
            10,
            3.978705483662542
        ],
        [
            2,
            12,
            1.942623984827428
        ],
        [
            2,
            13,
            5.454847751122781
        ],
        [
            3,
            12,
            0.4845037718295653
        ],
        [
            4,
            5,
            2.210425168045604
        ],
        [
            4,
            11,
            1.3292994142512267
        ],
        [
            5,
            6,
            0.9981318709015532
        ],
        [
            5,
            8,
            2.5465626233572465
        ],
        [
            5,
            9,
            3.984413745488749
        ],
        [
            5,
            11,
            5.9142742238737736
        ],
        [
            5,
            13,
            0.7556887551596585
        ],
        [
            5,
            14,
            1.6929451314097568
        ],
        [
            6,
            8,
            0.7761075160931397
        ],
        [
            6,
            9,
            2.251437137466926
        ],
        [
            6,
            12,
            1.8317009071119104
        ],
        [
            7,
            11,
            2.6188383452425366
        ],
        [
            8,
            9,
            2.5099454230262648
        ],
        [
            8,
            10,
            0.36526260642974884
        ],
        [
            8,
            11,
            2.9925728742260995
        ],
        [
            8,
            13,
            5.912193435017913
        ],
        [
            9,
            11,
            2.922952610140881
        ],
        [
            9,
            13,
            1.6982726948629867
        ],
        [
            9,
            14,
            2.750644110613502
        ],
        [
            10,
            13,
            0.049351548543427715
        ],
        [
            10,
            14,
            0.8756524077753935
        ],
        [
            11,
            12,
            4.635432066985614
        ],
        [
            11,
            13,
            0.1112614173452613
        ],
        [
            11,
            14,
            4.69499233463526
        ],
        [
            12,
            14,
            4.109328073242384
        ],
        [
            13,
            14,
            5.993649052065626
        ]
    ],
    "description": {
        "instance_id": "MWC239",
        "instance_type": "MWC",
        "original_instance_name": "N15E49_ERG_p0.5",
        "contents": "orig_MWC_G",
        "comment": "Nodes and weighted edges. "
    }
}