{
    "nodes": [
        0,
        1,
        2,
        3,
        4,
        5,
        6,
        7,
        8,
        9,
        10,
        11,
        12,
        13,
        14
    ],
    "edges": [
        [
            0,
            6,
            6.411226989508446
        ],
        [
            0,
            8,
            2.3467513445526915
        ],
        [
            0,
            9,
            2.1265028840593105
        ],
        [
            1,
            2,
            7.876457164851144
        ],
        [
            1,
            5,
            1.8242293586888794
        ],
        [
            1,
            6,
            6.068354562396674
        ],
        [
            1,
            7,
            1.948297719951579
        ],
        [
            1,
            8,
            0.5322354359216853
        ],
        [
            1,
            10,
            2.0389695505330327
        ],
        [
            1,
            11,
            0.4988003229596094
        ],
        [
            1,
            12,
            0.4240392721541346
        ],
        [
            1,
            14,
            0.2795933665001318
        ],
        [
            2,
            6,
            4.152282340557914
        ],
        [
            2,
            7,
            2.881420736884622
        ],
        [
            2,
            8,
            6.021290489904367
        ],
        [
            2,
            11,
            4.072084888780571
        ],
        [
            2,
            13,
            8.529580688541177
        ],
        [
            3,
            4,
            1.722225682505199
        ],
        [
            3,
            5,
            5.072673187983621
        ],
        [
            3,
            7,
            7.023488636678888
        ],
        [
            3,
            8,
            0.5135289547258557
        ],
        [
            3,
            11,
            2.1327086934130075
        ],
        [
            3,
            13,
            7.0455987710936485
        ],
        [
            3,
            14,
            1.7929062457676972
        ],
        [
            4,
            8,
            1.3603060654332484
        ],
        [
            4,
            9,
            4.146903181422449
        ],
        [
            4,
            10,
            1.2690392386697544
        ],
        [
            4,
            11,
            7.029533202069919
        ],
        [
            4,
            14,
            5.2766280439594375
        ],
        [
            5,
            9,
            5.449939623503978
        ],
        [
            5,
            10,
            8.514293583332854
        ],
        [
            5,
            11,
            0.09150143485188422
        ],
        [
            5,
            13,
            1.678284652920988
        ],
        [
            6,
            7,
            4.0991315477821155
        ],
        [
            6,
            9,
            3.06511078673789
        ],
        [
            6,
            10,
            0.14155559786045624
        ],
        [
            6,
            11,
            7.899202471630707
        ],
        [
            6,
            12,
            8.611801595385367
        ],
        [
            6,
            14,
            3.2841932259430884
        ],
        [
            7,
            8,
            2.8206101724626325
        ],
        [
            7,
            9,
            1.8077812847696002
        ],
        [
            7,
            10,
            7.054171327555513
        ],
        [
            7,
            12,
            2.1944245025857927
        ],
        [
            7,
            13,
            6.9175599023680014
        ],
        [
            7,
            14,
            4.972585043205253
        ],
        [
            8,
            10,
            1.9091301261284137
        ],
        [
            8,
            13,
            4.731011396402533
        ],
        [
            9,
            10,
            0.7115347174295881
        ],
        [
            9,
            11,
            8.934434956418071
        ],
        [
            9,
            12,
            3.837494309136188
        ],
        [
            9,
            14,
            0.02563780025659168
        ],
        [
            10,
            12,
            4.022551244278001
        ],
        [
            10,
            13,
            7.48989035125423
        ],
        [
            10,
            14,
            4.2800067689345695
        ],
        [
            11,
            13,
            7.605543852254642
        ],
        [
            11,
            14,
            1.1853501984109274
        ]
    ],
    "description": {
        "instance_id": "MWC317",
        "instance_type": "MWC",
        "original_instance_name": "N15E56_ERG_p0.5",
        "contents": "orig_MWC_G",
        "comment": "Nodes and weighted edges. "
    }
}