{
    "nodes": [
        0,
        1,
        2,
        3,
        4,
        5,
        6,
        7,
        8,
        9,
        10,
        11,
        12,
        13,
        14
    ],
    "edges": [
        [
            0,
            1,
            1.2098167619326472
        ],
        [
            0,
            2,
            1.8375935212661871
        ],
        [
            0,
            7,
            1.503666007670426
        ],
        [
            0,
            8,
            0.3001338588214022
        ],
        [
            0,
            12,
            1.765286518670103
        ],
        [
            1,
            2,
            1.7095376840653955
        ],
        [
            1,
            10,
            1.727490059934754
        ],
        [
            2,
            3,
            1.44554903752686
        ],
        [
            2,
            6,
            2.7782013961734178
        ],
        [
            2,
            10,
            1.0690454553988258
        ],
        [
            2,
            11,
            0.0941777999362513
        ],
        [
            3,
            8,
            2.814610426377877
        ],
        [
            3,
            10,
            1.9363355445275903
        ],
        [
            5,
            6,
            1.684803247101931
        ],
        [
            6,
            7,
            2.86311106511589
        ],
        [
            6,
            9,
            1.1910199381473532
        ],
        [
            6,
            11,
            2.4241008692262582
        ],
        [
            7,
            8,
            2.744828472162574
        ],
        [
            7,
            11,
            2.1264984054173395
        ],
        [
            8,
            9,
            0.15999720983638088
        ],
        [
            9,
            13,
            2.14118218696443
        ],
        [
            10,
            11,
            1.6813892774265917
        ],
        [
            10,
            12,
            0.4071591684898881
        ]
    ],
    "description": {
        "instance_id": "MWC316",
        "instance_type": "MWC",
        "original_instance_name": "N15E23_ERG_p0.25",
        "contents": "orig_MWC_G",
        "comment": "Nodes and weighted edges. "
    }
}