{
    "nodes": [
        0,
        1,
        2,
        3,
        4
    ],
    "edges": [
        [
            0,
            1,
            0.19244958374229737
        ],
        [
            0,
            3,
            0.07574837884218644
        ],
        [
            2,
            4,
            2.907167906550187
        ]
    ],
    "description": {
        "instance_id": "MWC313",
        "instance_type": "MWC",
        "original_instance_name": "N5E3_ERG_p0.25",
        "contents": "orig_MWC_G",
        "comment": "Nodes and weighted edges. "
    }
}