{
    "nodes": [
        0,
        1,
        2,
        3,
        4,
        5,
        6,
        7,
        8,
        9,
        10,
        11,
        12,
        13,
        14
    ],
    "edges": [
        [
            0,
            1,
            4.582314188698755
        ],
        [
            0,
            8,
            2.2478532275706113
        ],
        [
            0,
            10,
            0.8880626871572572
        ],
        [
            0,
            13,
            4.378970646012047
        ],
        [
            1,
            3,
            0.4756216129762364
        ],
        [
            1,
            4,
            0.20721512375369122
        ],
        [
            1,
            6,
            3.74048322239024
        ],
        [
            1,
            7,
            0.13316520756781303
        ],
        [
            1,
            8,
            1.7873829098420297
        ],
        [
            2,
            4,
            2.4694637740432013
        ],
        [
            2,
            9,
            2.6375735944797625
        ],
        [
            2,
            10,
            3.0702505465996666
        ],
        [
            3,
            5,
            4.66858317000025
        ],
        [
            3,
            8,
            1.9958565159924908
        ],
        [
            3,
            10,
            4.8122651344693415
        ],
        [
            3,
            12,
            2.4635243932526447
        ],
        [
            3,
            14,
            3.7943000189161387
        ],
        [
            4,
            5,
            1.4789101951758559
        ],
        [
            4,
            7,
            0.7177952722264541
        ],
        [
            4,
            8,
            2.844024335304036
        ],
        [
            5,
            7,
            1.5544947660587527
        ],
        [
            5,
            12,
            3.282143653833007
        ],
        [
            6,
            8,
            3.8214656978823265
        ],
        [
            6,
            10,
            2.5779095963618035
        ],
        [
            6,
            11,
            4.757404149864966
        ],
        [
            6,
            12,
            2.1991545433066784
        ],
        [
            6,
            13,
            4.8822522157649235
        ],
        [
            7,
            11,
            3.2990861849404087
        ],
        [
            8,
            12,
            4.0586207556019005
        ],
        [
            8,
            14,
            3.7906459191411983
        ],
        [
            10,
            11,
            0.31602798130512366
        ],
        [
            12,
            13,
            3.278998572107457
        ],
        [
            13,
            14,
            3.996011519026981
        ]
    ],
    "description": {
        "instance_id": "MWC4",
        "instance_type": "MWC",
        "original_instance_name": "N15E33_ERG_p0.25",
        "contents": "orig_MWC_G",
        "comment": "Nodes and weighted edges. "
    }
}