{
    "nodes": [
        0,
        1,
        2,
        3,
        4
    ],
    "edges": [
        [
            0,
            1,
            0.15397481486816122
        ],
        [
            0,
            3,
            0.35193158968768756
        ],
        [
            0,
            4,
            2.842471577766765
        ],
        [
            1,
            2,
            5.956641356368418
        ],
        [
            1,
            3,
            5.297912153047533
        ],
        [
            1,
            4,
            3.9308404795622582
        ],
        [
            2,
            4,
            7.151586759614107
        ],
        [
            3,
            4,
            2.8140417634818347
        ]
    ],
    "description": {
        "instance_id": "MWC81",
        "instance_type": "MWC",
        "original_instance_name": "N5E8_ERG_p0.75",
        "contents": "orig_MWC_G",
        "comment": "Nodes and weighted edges. "
    }
}