{
    "nodes": [
        0,
        1,
        2,
        3,
        4,
        5,
        6,
        7,
        8,
        9,
        10,
        11,
        12,
        13,
        14
    ],
    "edges": [
        [
            0,
            1,
            0.20494796519199276
        ],
        [
            0,
            5,
            0.38275345293526386
        ],
        [
            0,
            12,
            0.23884892923638645
        ],
        [
            1,
            2,
            0.05156518646681363
        ],
        [
            1,
            4,
            0.7750087328174273
        ],
        [
            1,
            8,
            0.7179338811423699
        ],
        [
            1,
            14,
            0.835316503769728
        ],
        [
            2,
            9,
            0.9825929017625128
        ],
        [
            3,
            13,
            0.7088033633767421
        ],
        [
            4,
            11,
            0.5850134431857249
        ],
        [
            4,
            12,
            0.08410160248836018
        ],
        [
            4,
            14,
            0.1878495693916371
        ],
        [
            5,
            6,
            0.7658798195415647
        ],
        [
            5,
            11,
            0.8900778858611005
        ],
        [
            5,
            14,
            0.6362903862592629
        ],
        [
            6,
            9,
            0.5999673671156696
        ],
        [
            6,
            11,
            0.6689442546313146
        ],
        [
            6,
            12,
            0.8566157221650299
        ],
        [
            7,
            11,
            0.6508968226640702
        ],
        [
            8,
            11,
            0.6934467212105054
        ],
        [
            9,
            11,
            0.013284962703633663
        ],
        [
            11,
            13,
            0.28980570554888785
        ],
        [
            11,
            14,
            0.9638859991742402
        ],
        [
            12,
            13,
            0.2986324680302772
        ]
    ],
    "description": {
        "instance_id": "MWC82",
        "instance_type": "MWC",
        "original_instance_name": "N15E24_ERG_p0.25",
        "contents": "orig_MWC_G",
        "comment": "Nodes and weighted edges. "
    }
}