{
    "D": [
        [
            0.0,
            301.0,
            1752.0,
            2328.0,
            1270.0,
            3587.0,
            2198.0,
            2318.0,
            3266.0,
            4628.0,
            3550.0,
            3253.0,
            3252.0
        ],
        [
            301.0,
            0.0,
            2050.0,
            2624.0,
            1128.0,
            3869.0,
            2452.0,
            2560.0,
            3531.0,
            4911.0,
            3803.0,
            3512.0,
            3487.0
        ],
        [
            1752.0,
            2050.0,
            0.0,
            585.0,
            2577.0,
            1928.0,
            1003.0,
            1202.0,
            1761.0,
            2940.0,
            2122.0,
            1796.0,
            1996.0
        ],
        [
            2328.0,
            2624.0,
            585.0,
            0.0,
            3059.0,
            1367.0,
            930.0,
            1107.0,
            1297.0,
            2362.0,
            1681.0,
            1361.0,
            1662.0
        ],
        [
            1270.0,
            1128.0,
            2577.0,
            3059.0,
            0.0,
            4059.0,
            2533.0,
            2556.0,
            3596.0,
            5082.0,
            3772.0,
            3540.0,
            3368.0
        ],
        [
            3587.0,
            3869.0,
            1928.0,
            1367.0,
            4059.0,
            0.0,
            1527.0,
            1530.0,
            583.0,
            1043.0,
            785.0,
            700.0,
            1150.0
        ],
        [
            2198.0,
            2452.0,
            1003.0,
            930.0,
            2533.0,
            1527.0,
            0.0,
            200.0,
            1091.0,
            2552.0,
            1352.0,
            1062.0,
            1085.0
        ],
        [
            2318.0,
            2560.0,
            1202.0,
            1107.0,
            2556.0,
            1530.0,
            200.0,
            0.0,
            1040.0,
            2531.0,
            1252.0,
            989.0,
            937.0
        ],
        [
            3266.0,
            3531.0,
            1761.0,
            1297.0,
            3596.0,
            583.0,
            1091.0,
            1040.0,
            0.0,
            1500.0,
            388.0,
            125.0,
            590.0
        ],
        [
            4628.0,
            4911.0,
            2940.0,
            2362.0,
            5082.0,
            1043.0,
            2552.0,
            2531.0,
            1500.0,
            0.0,
            1450.0,
            1578.0,
            1911.0
        ],
        [
            3550.0,
            3803.0,
            2122.0,
            1681.0,
            3772.0,
            785.0,
            1352.0,
            1252.0,
            388.0,
            1450.0,
            0.0,
            326.0,
            461.0
        ],
        [
            3253.0,
            3512.0,
            1796.0,
            1361.0,
            3540.0,
            700.0,
            1062.0,
            989.0,
            125.0,
            1578.0,
            326.0,
            0.0,
            465.0
        ],
        [
            3252.0,
            3487.0,
            1996.0,
            1662.0,
            3368.0,
            1150.0,
            1085.0,
            937.0,
            590.0,
            1911.0,
            461.0,
            465.0,
            0.0
        ]
    ],
    "description": {
        "instance_id": "TSP126",
        "instance_type": "TSP",
        "original_instance_name": "pr299",
        "original_instance_file": "TSP126_13_pr299.orig.json",
        "contents": "Distance matrix D.",
        "comment": "Distances for GEO edge type are recalculated from coordinates."
    }
}