{
    "D": [
        [
            0.0,
            3421.0,
            2395.0,
            1195.0,
            1399.0,
            2154.0,
            538.0,
            2054.0,
            2183.0,
            980.0,
            1461.0
        ],
        [
            3421.0,
            0.0,
            1034.0,
            2259.0,
            2953.0,
            2425.0,
            3513.0,
            1456.0,
            1248.0,
            2702.0,
            3078.0
        ],
        [
            2395.0,
            1034.0,
            0.0,
            1225.0,
            2123.0,
            1844.0,
            2528.0,
            623.0,
            320.0,
            1755.0,
            2261.0
        ],
        [
            1195.0,
            2259.0,
            1225.0,
            0.0,
            1495.0,
            1780.0,
            1442.0,
            1043.0,
            1066.0,
            903.0,
            1632.0
        ],
        [
            1399.0,
            2953.0,
            2123.0,
            1495.0,
            0.0,
            868.0,
            1018.0,
            1529.0,
            1808.0,
            613.0,
            144.0
        ],
        [
            2154.0,
            2425.0,
            1844.0,
            1780.0,
            868.0,
            0.0,
            1860.0,
            1232.0,
            1535.0,
            1191.0,
            914.0
        ],
        [
            538.0,
            3513.0,
            2528.0,
            1442.0,
            1018.0,
            1860.0,
            0.0,
            2073.0,
            2267.0,
            836.0,
            1040.0
        ],
        [
            2054.0,
            1456.0,
            623.0,
            1043.0,
            1529.0,
            1232.0,
            2073.0,
            0.0,
            305.0,
            1250.0,
            1663.0
        ],
        [
            2183.0,
            1248.0,
            320.0,
            1066.0,
            1808.0,
            1535.0,
            2267.0,
            305.0,
            0.0,
            1470.0,
            1946.0
        ],
        [
            980.0,
            2702.0,
            1755.0,
            903.0,
            613.0,
            1191.0,
            836.0,
            1250.0,
            1470.0,
            0.0,
            741.0
        ],
        [
            1461.0,
            3078.0,
            2261.0,
            1632.0,
            144.0,
            914.0,
            1040.0,
            1663.0,
            1946.0,
            741.0,
            0.0
        ]
    ],
    "description": {
        "instance_id": "TSP163",
        "instance_type": "TSP",
        "original_instance_name": "kroC100",
        "original_instance_file": "TSP163_11_kroC100.orig.json",
        "contents": "Distance matrix D.",
        "comment": "Distances for GEO edge type are recalculated from coordinates."
    }
}