{
    "D": [
        [
            0.0,
            942.0,
            1379.0,
            659.0,
            1137.0,
            1523.0,
            1114.0,
            1691.0,
            1599.0,
            2351.0,
            2455.0,
            1272.0,
            1650.0
        ],
        [
            942.0,
            0.0,
            580.0,
            1040.0,
            1264.0,
            1225.0,
            1454.0,
            1231.0,
            665.0,
            1843.0,
            2340.0,
            497.0,
            747.0
        ],
        [
            1379.0,
            580.0,
            0.0,
            1190.0,
            1839.0,
            866.0,
            2033.0,
            1665.0,
            660.0,
            2196.0,
            2839.0,
            108.0,
            350.0
        ],
        [
            659.0,
            1040.0,
            1190.0,
            0.0,
            1750.0,
            970.0,
            1764.0,
            2133.0,
            1662.0,
            2788.0,
            3046.0,
            1093.0,
            1530.0
        ],
        [
            1137.0,
            1264.0,
            1839.0,
            1750.0,
            0.0,
            2394.0,
            302.0,
            882.0,
            1601.0,
            1436.0,
            1320.0,
            1761.0,
            1922.0
        ],
        [
            1523.0,
            1225.0,
            866.0,
            970.0,
            2394.0,
            0.0,
            2505.0,
            2447.0,
            1526.0,
            3026.0,
            3560.0,
            850.0,
            1160.0
        ],
        [
            1114.0,
            1454.0,
            2033.0,
            1764.0,
            302.0,
            2505.0,
            0.0,
            1180.0,
            1862.0,
            1706.0,
            1434.0,
            1946.0,
            2153.0
        ],
        [
            1691.0,
            1231.0,
            1665.0,
            2133.0,
            882.0,
            2447.0,
            1180.0,
            0.0,
            1144.0,
            662.0,
            1202.0,
            1633.0,
            1579.0
        ],
        [
            1599.0,
            665.0,
            660.0,
            1662.0,
            1601.0,
            1526.0,
            1862.0,
            1144.0,
            0.0,
            1583.0,
            2346.0,
            688.0,
            450.0
        ],
        [
            2351.0,
            1843.0,
            2196.0,
            2788.0,
            1436.0,
            3026.0,
            1706.0,
            662.0,
            1583.0,
            0.0,
            1038.0,
            2184.0,
            2032.0
        ],
        [
            2455.0,
            2340.0,
            2839.0,
            3046.0,
            1320.0,
            3560.0,
            1434.0,
            1202.0,
            2346.0,
            1038.0,
            0.0,
            2793.0,
            2780.0
        ],
        [
            1272.0,
            497.0,
            108.0,
            1093.0,
            1761.0,
            850.0,
            1946.0,
            1633.0,
            688.0,
            2184.0,
            2793.0,
            0.0,
            438.0
        ],
        [
            1650.0,
            747.0,
            350.0,
            1530.0,
            1922.0,
            1160.0,
            2153.0,
            1579.0,
            450.0,
            2032.0,
            2780.0,
            438.0,
            0.0
        ]
    ],
    "description": {
        "instance_id": "TSP165",
        "instance_type": "TSP",
        "original_instance_name": "kroC100",
        "original_instance_file": "TSP165_13_kroC100.orig.json",
        "contents": "Distance matrix D.",
        "comment": "Distances for GEO edge type are recalculated from coordinates."
    }
}