{
    "D": [
        [
            0.0,
            1572.0,
            322.0,
            925.0,
            2450.0,
            660.0,
            1347.0
        ],
        [
            1572.0,
            0.0,
            1734.0,
            1150.0,
            1483.0,
            1467.0,
            537.0
        ],
        [
            322.0,
            1734.0,
            0.0,
            1235.0,
            2414.0,
            497.0,
            1589.0
        ],
        [
            925.0,
            1150.0,
            1235.0,
            0.0,
            2493.0,
            1345.0,
            672.0
        ],
        [
            2450.0,
            1483.0,
            2414.0,
            2493.0,
            0.0,
            1932.0,
            2002.0
        ],
        [
            660.0,
            1467.0,
            497.0,
            1345.0,
            1932.0,
            0.0,
            1478.0
        ],
        [
            1347.0,
            537.0,
            1589.0,
            672.0,
            2002.0,
            1478.0,
            0.0
        ]
    ],
    "description": {
        "instance_id": "TSP159",
        "instance_type": "TSP",
        "original_instance_name": "kroC100",
        "original_instance_file": "TSP159_7_kroC100.orig.json",
        "contents": "Distance matrix D.",
        "comment": "Distances for GEO edge type are recalculated from coordinates."
    }
}