{
    "D": [
        [
            0.0,
            84.0,
            89.0,
            11.0,
            118.0,
            147.0
        ],
        [
            84.0,
            0.0,
            104.0,
            95.0,
            192.0,
            186.0
        ],
        [
            89.0,
            104.0,
            0.0,
            89.0,
            197.0,
            236.0
        ],
        [
            11.0,
            95.0,
            89.0,
            0.0,
            112.0,
            149.0
        ],
        [
            118.0,
            192.0,
            197.0,
            112.0,
            0.0,
            94.0
        ],
        [
            147.0,
            186.0,
            236.0,
            149.0,
            94.0,
            0.0
        ]
    ],
    "description": {
        "instance_id": "TSP15",
        "instance_type": "TSP",
        "original_instance_name": "swiss42",
        "original_instance_file": "TSP15_6_swiss42.orig.json",
        "contents": "Distance matrix D.",
        "comment": "Distances for GEO edge type are recalculated from coordinates."
    }
}