{
    "D": [
        [
            0.0,
            273.0,
            1878.0,
            1457.0,
            1251.0,
            1280.0,
            816.0,
            1753.0,
            1499.0,
            484.0,
            1184.0,
            1030.0,
            604.0
        ],
        [
            273.0,
            0.0,
            1640.0,
            1185.0,
            992.0,
            1009.0,
            543.0,
            1494.0,
            1244.0,
            668.0,
            1359.0,
            1176.0,
            335.0
        ],
        [
            1878.0,
            1640.0,
            0.0,
            755.0,
            690.0,
            815.0,
            1214.0,
            328.0,
            445.0,
            1969.0,
            2333.0,
            2108.0,
            1327.0
        ],
        [
            1457.0,
            1185.0,
            755.0,
            0.0,
            335.0,
            180.0,
            649.0,
            451.0,
            362.0,
            1727.0,
            2285.0,
            2059.0,
            853.0
        ],
        [
            1251.0,
            992.0,
            690.0,
            335.0,
            0.0,
            219.0,
            524.0,
            503.0,
            257.0,
            1453.0,
            1972.0,
            1744.0,
            661.0
        ],
        [
            1280.0,
            1009.0,
            815.0,
            180.0,
            219.0,
            0.0,
            479.0,
            552.0,
            375.0,
            1547.0,
            2114.0,
            1890.0,
            676.0
        ],
        [
            816.0,
            543.0,
            1214.0,
            649.0,
            524.0,
            479.0,
            0.0,
            1007.0,
            779.0,
            1148.0,
            1785.0,
            1573.0,
            231.0
        ],
        [
            1753.0,
            1494.0,
            328.0,
            451.0,
            503.0,
            552.0,
            1007.0,
            0.0,
            259.0,
            1925.0,
            2380.0,
            2151.0,
            1163.0
        ],
        [
            1499.0,
            1244.0,
            445.0,
            362.0,
            257.0,
            375.0,
            779.0,
            259.0,
            0.0,
            1668.0,
            2138.0,
            1908.0,
            917.0
        ],
        [
            484.0,
            668.0,
            1969.0,
            1727.0,
            1453.0,
            1547.0,
            1148.0,
            1925.0,
            1668.0,
            0.0,
            701.0,
            550.0,
            917.0
        ],
        [
            1184.0,
            1359.0,
            2333.0,
            2285.0,
            1972.0,
            2114.0,
            1785.0,
            2380.0,
            2138.0,
            701.0,
            0.0,
            229.0,
            1560.0
        ],
        [
            1030.0,
            1176.0,
            2108.0,
            2059.0,
            1744.0,
            1890.0,
            1573.0,
            2151.0,
            1908.0,
            550.0,
            229.0,
            0.0,
            1353.0
        ],
        [
            604.0,
            335.0,
            1327.0,
            853.0,
            661.0,
            676.0,
            231.0,
            1163.0,
            917.0,
            917.0,
            1560.0,
            1353.0,
            0.0
        ]
    ],
    "description": {
        "instance_id": "TSP152",
        "instance_type": "TSP",
        "original_instance_name": "hk48",
        "original_instance_file": "TSP152_13_hk48.orig.json",
        "contents": "Distance matrix D.",
        "comment": "Distances for GEO edge type are recalculated from coordinates."
    }
}