{
    "D": [
        [
            0.0,
            1500.0,
            2907.0,
            3805.0,
            4900.0,
            5750.0,
            9804.0,
            7289.0,
            7488.0,
            8126.0,
            8369.0,
            8440.0,
            8810.0,
            8809.0,
            9442.0,
            9953.0
        ],
        [
            1500.0,
            0.0,
            1414.0,
            2309.0,
            3400.0,
            4250.0,
            8864.0,
            7289.0,
            7488.0,
            7873.0,
            7974.0,
            8011.0,
            8238.0,
            8108.0,
            8602.0,
            9028.0
        ],
        [
            2907.0,
            1414.0,
            0.0,
            985.0,
            2010.0,
            2857.0,
            8318.0,
            7754.0,
            7946.0,
            8090.0,
            8050.0,
            8052.0,
            8125.0,
            7859.0,
            8181.0,
            8498.0
        ],
        [
            3805.0,
            2309.0,
            985.0,
            0.0,
            1118.0,
            1960.0,
            7586.0,
            7681.0,
            7865.0,
            7837.0,
            7703.0,
            7682.0,
            7653.0,
            7306.0,
            7521.0,
            7772.0
        ],
        [
            4900.0,
            3400.0,
            2010.0,
            1118.0,
            0.0,
            850.0,
            7447.0,
            8354.0,
            8528.0,
            8334.0,
            8101.0,
            8054.0,
            7901.0,
            7453.0,
            7504.0,
            7641.0
        ],
        [
            5750.0,
            4250.0,
            2857.0,
            1960.0,
            850.0,
            0.0,
            7300.0,
            8807.0,
            8972.0,
            8657.0,
            8351.0,
            8285.0,
            8043.0,
            7524.0,
            7450.0,
            7498.0
        ],
        [
            9804.0,
            8864.0,
            8318.0,
            7586.0,
            7447.0,
            7300.0,
            0.0,
            5850.0,
            5853.0,
            4540.0,
            3748.0,
            3551.0,
            2668.0,
            1910.0,
            825.0,
            200.0
        ],
        [
            7289.0,
            7289.0,
            7754.0,
            7681.0,
            8354.0,
            8807.0,
            5850.0,
            0.0,
            200.0,
            1477.0,
            2232.0,
            2425.0,
            3305.0,
            3955.0,
            5054.0,
            5853.0
        ],
        [
            7488.0,
            7488.0,
            7946.0,
            7865.0,
            8528.0,
            8972.0,
            5853.0,
            200.0,
            0.0,
            1408.0,
            2187.0,
            2384.0,
            3275.0,
            3950.0,
            5050.0,
            5850.0
        ],
        [
            8126.0,
            7873.0,
            8090.0,
            7837.0,
            8334.0,
            8657.0,
            4540.0,
            1477.0,
            1408.0,
            0.0,
            800.0,
            1000.0,
            1900.0,
            2631.0,
            3722.0,
            4518.0
        ],
        [
            8369.0,
            7974.0,
            8050.0,
            7703.0,
            8101.0,
            8351.0,
            3748.0,
            2232.0,
            2187.0,
            800.0,
            0.0,
            200.0,
            1100.0,
            1844.0,
            2927.0,
            3722.0
        ],
        [
            8440.0,
            8011.0,
            8052.0,
            7682.0,
            8054.0,
            8285.0,
            3551.0,
            2425.0,
            2384.0,
            1000.0,
            200.0,
            0.0,
            900.0,
            1649.0,
            2729.0,
            3523.0
        ],
        [
            8810.0,
            8238.0,
            8125.0,
            7653.0,
            7901.0,
            8043.0,
            2668.0,
            3305.0,
            3275.0,
            1900.0,
            1100.0,
            900.0,
            0.0,
            806.0,
            1844.0,
            2631.0
        ],
        [
            8809.0,
            8108.0,
            7859.0,
            7306.0,
            7453.0,
            7524.0,
            1910.0,
            3955.0,
            3950.0,
            2631.0,
            1844.0,
            1649.0,
            806.0,
            0.0,
            1100.0,
            1900.0
        ],
        [
            9442.0,
            8602.0,
            8181.0,
            7521.0,
            7504.0,
            7450.0,
            825.0,
            5054.0,
            5050.0,
            3722.0,
            2927.0,
            2729.0,
            1844.0,
            1100.0,
            0.0,
            800.0
        ],
        [
            9953.0,
            9028.0,
            8498.0,
            7772.0,
            7641.0,
            7498.0,
            200.0,
            5853.0,
            5850.0,
            4518.0,
            3722.0,
            3523.0,
            2631.0,
            1900.0,
            800.0,
            0.0
        ]
    ],
    "description": {
        "instance_id": "TSP12",
        "instance_type": "TSP",
        "original_instance_name": "pr107",
        "original_instance_file": "TSP12_16_pr107.orig.json",
        "contents": "Distance matrix D.",
        "comment": "Distances for GEO edge type are recalculated from coordinates."
    }
}