{
    "D": [
        [
            0.0,
            605.0,
            1521.0,
            1272.0,
            1642.0,
            2096.0,
            2200.0,
            1047.0,
            559.0,
            3142.0,
            667.0,
            1183.0,
            2191.0,
            1692.0,
            2333.0
        ],
        [
            605.0,
            0.0,
            917.0,
            1475.0,
            1864.0,
            1964.0,
            2326.0,
            1009.0,
            121.0,
            3217.0,
            983.0,
            652.0,
            2120.0,
            1100.0,
            2729.0
        ],
        [
            1521.0,
            917.0,
            0.0,
            2118.0,
            2475.0,
            2131.0,
            2789.0,
            1532.0,
            976.0,
            3554.0,
            1785.0,
            605.0,
            2354.0,
            341.0,
            3461.0
        ],
        [
            1272.0,
            1475.0,
            2118.0,
            0.0,
            389.0,
            1145.0,
            932.0,
            597.0,
            1542.0,
            1881.0,
            608.0,
            1525.0,
            1117.0,
            2075.0,
            1354.0
        ],
        [
            1642.0,
            1864.0,
            2475.0,
            389.0,
            0.0,
            1142.0,
            611.0,
            943.0,
            1931.0,
            1554.0,
            976.0,
            1874.0,
            1029.0,
            2406.0,
            1057.0
        ],
        [
            2096.0,
            1964.0,
            2131.0,
            1145.0,
            1142.0,
            0.0,
            945.0,
            1050.0,
            2076.0,
            1449.0,
            1572.0,
            1585.0,
            251.0,
            1914.0,
            2103.0
        ],
        [
            2200.0,
            2326.0,
            2789.0,
            932.0,
            611.0,
            945.0,
            0.0,
            1325.0,
            2410.0,
            951.0,
            1540.0,
            2188.0,
            726.0,
            2651.0,
            1222.0
        ],
        [
            1047.0,
            1009.0,
            1532.0,
            597.0,
            943.0,
            1050.0,
            1325.0,
            0.0,
            1104.0,
            2208.0,
            594.0,
            932.0,
            1154.0,
            1478.0,
            1951.0
        ],
        [
            559.0,
            121.0,
            976.0,
            1542.0,
            1931.0,
            2076.0,
            2410.0,
            1104.0,
            0.0,
            3311.0,
            1020.0,
            766.0,
            2227.0,
            1185.0,
            2767.0
        ],
        [
            3142.0,
            3217.0,
            3554.0,
            1881.0,
            1554.0,
            1449.0,
            951.0,
            2208.0,
            3311.0,
            0.0,
            2488.0,
            2978.0,
            1208.0,
            3357.0,
            1772.0
        ],
        [
            667.0,
            983.0,
            1785.0,
            608.0,
            976.0,
            1572.0,
            1540.0,
            594.0,
            1020.0,
            2488.0,
            0.0,
            1260.0,
            1617.0,
            1836.0,
            1747.0
        ],
        [
            1183.0,
            652.0,
            605.0,
            1525.0,
            1874.0,
            1585.0,
            2188.0,
            932.0,
            766.0,
            2978.0,
            1260.0,
            0.0,
            1792.0,
            576.0,
            2875.0
        ],
        [
            2191.0,
            2120.0,
            2354.0,
            1117.0,
            1029.0,
            251.0,
            726.0,
            1154.0,
            2227.0,
            1208.0,
            1617.0,
            1792.0,
            0.0,
            2150.0,
            1921.0
        ],
        [
            1692.0,
            1100.0,
            341.0,
            2075.0,
            2406.0,
            1914.0,
            2651.0,
            1478.0,
            1185.0,
            3357.0,
            1836.0,
            576.0,
            2150.0,
            0.0,
            3429.0
        ],
        [
            2333.0,
            2729.0,
            3461.0,
            1354.0,
            1057.0,
            2103.0,
            1222.0,
            1951.0,
            2767.0,
            1772.0,
            1747.0,
            2875.0,
            1921.0,
            3429.0,
            0.0
        ]
    ],
    "description": {
        "instance_id": "TSP141",
        "instance_type": "TSP",
        "original_instance_name": "kroB100",
        "original_instance_file": "TSP141_15_kroB100.orig.json",
        "contents": "Distance matrix D.",
        "comment": "Distances for GEO edge type are recalculated from coordinates."
    }
}