{
    "D": [
        [
            0.0,
            76.0,
            50.0,
            124.0,
            218.0,
            270.0,
            269.0,
            345.0,
            395.0,
            374.0
        ],
        [
            76.0,
            0.0,
            96.0,
            58.0,
            240.0,
            254.0,
            267.0,
            333.0,
            369.0,
            387.0
        ],
        [
            50.0,
            96.0,
            0.0,
            124.0,
            169.0,
            227.0,
            222.0,
            300.0,
            354.0,
            324.0
        ],
        [
            124.0,
            58.0,
            124.0,
            0.0,
            227.0,
            214.0,
            235.0,
            293.0,
            321.0,
            362.0
        ],
        [
            218.0,
            240.0,
            169.0,
            227.0,
            0.0,
            124.0,
            86.0,
            164.0,
            239.0,
            156.0
        ],
        [
            270.0,
            254.0,
            227.0,
            214.0,
            124.0,
            0.0,
            48.0,
            79.0,
            128.0,
            168.0
        ],
        [
            269.0,
            267.0,
            222.0,
            235.0,
            86.0,
            48.0,
            0.0,
            81.0,
            153.0,
            130.0
        ],
        [
            345.0,
            333.0,
            300.0,
            293.0,
            164.0,
            79.0,
            81.0,
            0.0,
            81.0,
            124.0
        ],
        [
            395.0,
            369.0,
            354.0,
            321.0,
            239.0,
            128.0,
            153.0,
            81.0,
            0.0,
            194.0
        ],
        [
            374.0,
            387.0,
            324.0,
            362.0,
            156.0,
            168.0,
            130.0,
            124.0,
            194.0,
            0.0
        ]
    ],
    "description": {
        "instance_id": "TSP175",
        "instance_type": "TSP",
        "original_instance_name": "rat575",
        "original_instance_file": "TSP175_10_rat575.orig.json",
        "contents": "Distance matrix D.",
        "comment": "Distances for GEO edge type are recalculated from coordinates."
    }
}