{
    "D": [
        [
            0.0,
            476.0,
            1654.0,
            1100.0,
            985.0,
            1729.0,
            2568.0
        ],
        [
            476.0,
            0.0,
            1227.0,
            630.0,
            630.0,
            1256.0,
            2166.0
        ],
        [
            1654.0,
            1227.0,
            0.0,
            879.0,
            700.0,
            802.0,
            940.0
        ],
        [
            1100.0,
            630.0,
            879.0,
            0.0,
            699.0,
            631.0,
            1802.0
        ],
        [
            985.0,
            630.0,
            700.0,
            699.0,
            0.0,
            1110.0,
            1584.0
        ],
        [
            1729.0,
            1256.0,
            802.0,
            631.0,
            1110.0,
            0.0,
            1490.0
        ],
        [
            2568.0,
            2166.0,
            940.0,
            1802.0,
            1584.0,
            1490.0,
            0.0
        ]
    ],
    "description": {
        "instance_id": "TSP146",
        "instance_type": "TSP",
        "original_instance_name": "hk48",
        "original_instance_file": "TSP146_7_hk48.orig.json",
        "contents": "Distance matrix D.",
        "comment": "Distances for GEO edge type are recalculated from coordinates."
    }
}