{
    "D": [
        [
            0.0,
            1421.0,
            837.0,
            961.0,
            720.0,
            1753.0,
            330.0,
            1499.0,
            1184.0
        ],
        [
            1421.0,
            0.0,
            617.0,
            835.0,
            700.0,
            360.0,
            1749.0,
            115.0,
            2026.0
        ],
        [
            837.0,
            617.0,
            0.0,
            397.0,
            180.0,
            973.0,
            1155.0,
            715.0,
            1467.0
        ],
        [
            961.0,
            835.0,
            397.0,
            0.0,
            549.0,
            1184.0,
            1225.0,
            949.0,
            1197.0
        ],
        [
            720.0,
            700.0,
            180.0,
            549.0,
            0.0,
            1038.0,
            1049.0,
            781.0,
            1506.0
        ],
        [
            1753.0,
            360.0,
            973.0,
            1184.0,
            1038.0,
            0.0,
            2083.0,
            259.0,
            2380.0
        ],
        [
            330.0,
            1749.0,
            1155.0,
            1225.0,
            1049.0,
            2083.0,
            0.0,
            1828.0,
            1114.0
        ],
        [
            1499.0,
            115.0,
            715.0,
            949.0,
            781.0,
            259.0,
            1828.0,
            0.0,
            2138.0
        ],
        [
            1184.0,
            2026.0,
            1467.0,
            1197.0,
            1506.0,
            2380.0,
            1114.0,
            2138.0,
            0.0
        ]
    ],
    "description": {
        "instance_id": "TSP148",
        "instance_type": "TSP",
        "original_instance_name": "hk48",
        "original_instance_file": "TSP148_9_hk48.orig.json",
        "contents": "Distance matrix D.",
        "comment": "Distances for GEO edge type are recalculated from coordinates."
    }
}