{
    "D": [
        [
            0.0,
            32.0,
            82.0,
            82.0,
            28.0,
            43.0,
            103.0,
            72.0,
            124.0
        ],
        [
            32.0,
            0.0,
            91.0,
            110.0,
            19.0,
            35.0,
            129.0,
            92.0,
            95.0
        ],
        [
            82.0,
            91.0,
            0.0,
            140.0,
            103.0,
            121.0,
            164.0,
            33.0,
            178.0
        ],
        [
            82.0,
            110.0,
            140.0,
            0.0,
            95.0,
            95.0,
            24.0,
            113.0,
            184.0
        ],
        [
            28.0,
            19.0,
            103.0,
            95.0,
            0.0,
            18.0,
            112.0,
            99.0,
            97.0
        ],
        [
            43.0,
            35.0,
            121.0,
            95.0,
            18.0,
            0.0,
            109.0,
            115.0,
            90.0
        ],
        [
            103.0,
            129.0,
            164.0,
            24.0,
            112.0,
            109.0,
            0.0,
            137.0,
            194.0
        ],
        [
            72.0,
            92.0,
            33.0,
            113.0,
            99.0,
            115.0,
            137.0,
            0.0,
            187.0
        ],
        [
            124.0,
            95.0,
            178.0,
            184.0,
            97.0,
            90.0,
            194.0,
            187.0,
            0.0
        ]
    ],
    "description": {
        "instance_id": "TSP18",
        "instance_type": "TSP",
        "original_instance_name": "swiss42",
        "original_instance_file": "TSP18_9_swiss42.orig.json",
        "contents": "Distance matrix D.",
        "comment": "Distances for GEO edge type are recalculated from coordinates."
    }
}