{
    "D": [
        [
            0.0,
            1052.0,
            670.0,
            400.0,
            744.0
        ],
        [
            1052.0,
            0.0,
            1159.0,
            1038.0,
            1776.0
        ],
        [
            670.0,
            1159.0,
            0.0,
            273.0,
            882.0
        ],
        [
            400.0,
            1038.0,
            273.0,
            0.0,
            792.0
        ],
        [
            744.0,
            1776.0,
            882.0,
            792.0,
            0.0
        ]
    ],
    "description": {
        "instance_id": "TSP144",
        "instance_type": "TSP",
        "original_instance_name": "hk48",
        "original_instance_file": "TSP144_5_hk48.orig.json",
        "contents": "Distance matrix D.",
        "comment": "Distances for GEO edge type are recalculated from coordinates."
    }
}