{
    "D": [
        [
            0.0,
            1972.0,
            588.0,
            961.0,
            1178.0,
            1718.0
        ],
        [
            1972.0,
            0.0,
            1551.0,
            1300.0,
            826.0,
            264.0
        ],
        [
            588.0,
            1551.0,
            0.0,
            972.0,
            726.0,
            1326.0
        ],
        [
            961.0,
            1300.0,
            972.0,
            0.0,
            818.0,
            1042.0
        ],
        [
            1178.0,
            826.0,
            726.0,
            818.0,
            0.0,
            603.0
        ],
        [
            1718.0,
            264.0,
            1326.0,
            1042.0,
            603.0,
            0.0
        ]
    ],
    "description": {
        "instance_id": "TSP145",
        "instance_type": "TSP",
        "original_instance_name": "hk48",
        "original_instance_file": "TSP145_6_hk48.orig.json",
        "contents": "Distance matrix D.",
        "comment": "Distances for GEO edge type are recalculated from coordinates."
    }
}