{
    "D": [
        [
            0.0,
            1166.0,
            1020.0,
            2600.0,
            2608.0,
            4418.0,
            4400.0,
            7121.0,
            7453.0,
            7319.0,
            7517.0,
            7715.0,
            8018.0,
            7966.0
        ],
        [
            1166.0,
            0.0,
            400.0,
            1709.0,
            1649.0,
            3406.0,
            3453.0,
            7650.0,
            8090.0,
            7850.0,
            8050.0,
            8250.0,
            8368.0,
            8180.0
        ],
        [
            1020.0,
            400.0,
            0.0,
            1612.0,
            1600.0,
            3406.0,
            3406.0,
            7250.0,
            7692.0,
            7450.0,
            7650.0,
            7850.0,
            7974.0,
            7797.0
        ],
        [
            2600.0,
            1709.0,
            1612.0,
            0.0,
            200.0,
            1844.0,
            1800.0,
            7229.0,
            7827.0,
            7424.0,
            7620.0,
            7816.0,
            7653.0,
            7284.0
        ],
        [
            2608.0,
            1649.0,
            1600.0,
            200.0,
            0.0,
            1811.0,
            1811.0,
            7424.0,
            8018.0,
            7620.0,
            7816.0,
            8011.0,
            7853.0,
            7483.0
        ],
        [
            4418.0,
            3406.0,
            3406.0,
            1844.0,
            1811.0,
            0.0,
            400.0,
            8189.0,
            8903.0,
            8372.0,
            8555.0,
            8739.0,
            8295.0,
            7729.0
        ],
        [
            4400.0,
            3453.0,
            3406.0,
            1800.0,
            1811.0,
            400.0,
            0.0,
            7827.0,
            8552.0,
            8008.0,
            8189.0,
            8372.0,
            7907.0,
            7333.0
        ],
        [
            7121.0,
            7650.0,
            7250.0,
            7229.0,
            7424.0,
            8189.0,
            7827.0,
            0.0,
            894.0,
            200.0,
            400.0,
            600.0,
            1523.0,
            2309.0
        ],
        [
            7453.0,
            8090.0,
            7692.0,
            7827.0,
            8018.0,
            8903.0,
            8552.0,
            894.0,
            0.0,
            825.0,
            800.0,
            825.0,
            2209.0,
            3106.0
        ],
        [
            7319.0,
            7850.0,
            7450.0,
            7424.0,
            7620.0,
            8372.0,
            8008.0,
            200.0,
            825.0,
            0.0,
            200.0,
            400.0,
            1456.0,
            2300.0
        ],
        [
            7517.0,
            8050.0,
            7650.0,
            7620.0,
            7816.0,
            8555.0,
            8189.0,
            400.0,
            800.0,
            200.0,
            0.0,
            200.0,
            1414.0,
            2309.0
        ],
        [
            7715.0,
            8250.0,
            7850.0,
            7816.0,
            8011.0,
            8739.0,
            8372.0,
            600.0,
            825.0,
            400.0,
            200.0,
            0.0,
            1400.0,
            2335.0
        ],
        [
            8018.0,
            8368.0,
            7974.0,
            7653.0,
            7853.0,
            8295.0,
            7907.0,
            1523.0,
            2209.0,
            1456.0,
            1414.0,
            1400.0,
            0.0,
            985.0
        ],
        [
            7966.0,
            8180.0,
            7797.0,
            7284.0,
            7483.0,
            7729.0,
            7333.0,
            2309.0,
            3106.0,
            2300.0,
            2309.0,
            2335.0,
            985.0,
            0.0
        ]
    ],
    "description": {
        "instance_id": "TSP10",
        "instance_type": "TSP",
        "original_instance_name": "pr107",
        "original_instance_file": "TSP10_14_pr107.orig.json",
        "contents": "Distance matrix D.",
        "comment": "Distances for GEO edge type are recalculated from coordinates."
    }
}