{
    "D": [
        [
            0.0,
            1480.0,
            2435.0,
            2437.0,
            1769.0,
            531.0,
            3355.0,
            1296.0,
            2637.0,
            2441.0,
            2231.0,
            831.0,
            3188.0
        ],
        [
            1480.0,
            0.0,
            984.0,
            1113.0,
            294.0,
            1732.0,
            1918.0,
            425.0,
            1462.0,
            1140.0,
            1150.0,
            1925.0,
            1764.0
        ],
        [
            2435.0,
            984.0,
            0.0,
            1025.0,
            692.0,
            2716.0,
            1266.0,
            1341.0,
            1462.0,
            1083.0,
            1410.0,
            2905.0,
            784.0
        ],
        [
            2437.0,
            1113.0,
            1025.0,
            0.0,
            959.0,
            2516.0,
            978.0,
            1141.0,
            442.0,
            59.0,
            475.0,
            2607.0,
            1576.0
        ],
        [
            1769.0,
            294.0,
            692.0,
            959.0,
            0.0,
            2025.0,
            1670.0,
            666.0,
            1359.0,
            998.0,
            1117.0,
            2213.0,
            1475.0
        ],
        [
            531.0,
            1732.0,
            2716.0,
            2516.0,
            2025.0,
            0.0,
            3480.0,
            1433.0,
            2631.0,
            2508.0,
            2219.0,
            300.0,
            3493.0
        ],
        [
            3355.0,
            1918.0,
            1266.0,
            978.0,
            1670.0,
            3480.0,
            0.0,
            2068.0,
            1084.0,
            1001.0,
            1394.0,
            3583.0,
            1259.0
        ],
        [
            1296.0,
            425.0,
            1341.0,
            1141.0,
            666.0,
            1433.0,
            2068.0,
            0.0,
            1381.0,
            1148.0,
            998.0,
            1584.0,
            2124.0
        ],
        [
            2637.0,
            1462.0,
            1462.0,
            442.0,
            1359.0,
            2631.0,
            1084.0,
            1381.0,
            0.0,
            387.0,
            412.0,
            2674.0,
            1953.0
        ],
        [
            2441.0,
            1140.0,
            1083.0,
            59.0,
            998.0,
            2508.0,
            1001.0,
            1148.0,
            387.0,
            0.0,
            428.0,
            2592.0,
            1632.0
        ],
        [
            2231.0,
            1150.0,
            1410.0,
            475.0,
            1117.0,
            2219.0,
            1394.0,
            998.0,
            412.0,
            428.0,
            0.0,
            2268.0,
            2034.0
        ],
        [
            831.0,
            1925.0,
            2905.0,
            2607.0,
            2213.0,
            300.0,
            3583.0,
            1584.0,
            2674.0,
            2592.0,
            2268.0,
            0.0,
            3688.0
        ],
        [
            3188.0,
            1764.0,
            784.0,
            1576.0,
            1475.0,
            3493.0,
            1259.0,
            2124.0,
            1953.0,
            1632.0,
            2034.0,
            3688.0,
            0.0
        ]
    ],
    "description": {
        "instance_id": "TSP139",
        "instance_type": "TSP",
        "original_instance_name": "kroB100",
        "original_instance_file": "TSP139_13_kroB100.orig.json",
        "contents": "Distance matrix D.",
        "comment": "Distances for GEO edge type are recalculated from coordinates."
    }
}