{
    "D": [
        [
            0.0,
            32.0,
            59.0,
            32.0,
            34.0,
            44.0,
            36.0
        ],
        [
            32.0,
            0.0,
            45.0,
            17.0,
            3.0,
            42.0,
            46.0
        ],
        [
            59.0,
            45.0,
            0.0,
            30.0,
            47.0,
            20.0,
            37.0
        ],
        [
            32.0,
            17.0,
            30.0,
            0.0,
            19.0,
            25.0,
            32.0
        ],
        [
            34.0,
            3.0,
            47.0,
            19.0,
            0.0,
            44.0,
            49.0
        ],
        [
            44.0,
            42.0,
            20.0,
            25.0,
            44.0,
            0.0,
            17.0
        ],
        [
            36.0,
            46.0,
            37.0,
            32.0,
            49.0,
            17.0,
            0.0
        ]
    ],
    "description": {
        "instance_id": "TSP185",
        "instance_type": "TSP",
        "original_instance_name": "eil101",
        "original_instance_file": "TSP185_7_eil101.orig.json",
        "contents": "Distance matrix D.",
        "comment": "Distances for GEO edge type are recalculated from coordinates."
    }
}