{
    "D": [
        [
            0.0,
            2730.0,
            5410.0,
            2182.0,
            846.0,
            1030.0,
            1990.0,
            2575.0,
            3067.0,
            287.0,
            334.0,
            337.0
        ],
        [
            2730.0,
            0.0,
            3207.0,
            1991.0,
            3512.0,
            2922.0,
            2368.0,
            2109.0,
            2108.0,
            2763.0,
            3006.0,
            2936.0
        ],
        [
            5410.0,
            3207.0,
            0.0,
            2267.0,
            300.0,
            1328.0,
            2094.0,
            2866.0,
            3359.0,
            591.0,
            511.0,
            408.0
        ],
        [
            2182.0,
            1991.0,
            2267.0,
            0.0,
            2566.0,
            1175.0,
            564.0,
            770.0,
            1240.0,
            2465.0,
            1984.0,
            2068.0
        ],
        [
            846.0,
            3512.0,
            300.0,
            2566.0,
            0.0,
            1627.0,
            2393.0,
            3165.0,
            3658.0,
            856.0,
            810.0,
            707.0
        ],
        [
            1030.0,
            2922.0,
            1328.0,
            1175.0,
            1627.0,
            0.0,
            801.0,
            1545.0,
            2037.0,
            1315.0,
            887.0,
            1021.0
        ],
        [
            1990.0,
            2368.0,
            2094.0,
            564.0,
            2393.0,
            801.0,
            0.0,
            936.0,
            1428.0,
            2123.0,
            1612.0,
            1542.0
        ],
        [
            2575.0,
            2109.0,
            2866.0,
            770.0,
            3165.0,
            1545.0,
            936.0,
            0.0,
            549.0,
            2860.0,
            2354.0,
            2444.0
        ],
        [
            3067.0,
            2108.0,
            3359.0,
            1240.0,
            3658.0,
            2037.0,
            1428.0,
            549.0,
            0.0,
            3352.0,
            2846.0,
            2936.0
        ],
        [
            287.0,
            2763.0,
            591.0,
            2465.0,
            856.0,
            1315.0,
            2123.0,
            2860.0,
            3352.0,
            0.0,
            688.0,
            590.0
        ],
        [
            334.0,
            3006.0,
            511.0,
            1984.0,
            810.0,
            887.0,
            1612.0,
            2354.0,
            2846.0,
            688.0,
            0.0,
            97.0
        ],
        [
            337.0,
            2936.0,
            408.0,
            2068.0,
            707.0,
            1021.0,
            1542.0,
            2444.0,
            2936.0,
            590.0,
            97.0,
            0.0
        ]
    ],
    "description": {
        "instance_id": "TSP112",
        "instance_type": "TSP",
        "original_instance_name": "brazil58",
        "original_instance_file": "TSP112_12_brazil58.orig.json",
        "contents": "Distance matrix D.",
        "comment": "Distances for GEO edge type are recalculated from coordinates."
    }
}