{
    "D": [
        [
            0.0,
            721.0,
            795.0,
            2107.0,
            3244.0,
            2756.0,
            617.0,
            465.0,
            2927.0,
            140.0,
            1377.0,
            934.0,
            3220.0
        ],
        [
            721.0,
            0.0,
            115.0,
            2053.0,
            2705.0,
            2196.0,
            1334.0,
            792.0,
            2746.0,
            781.0,
            1707.0,
            1516.0,
            2713.0
        ],
        [
            795.0,
            115.0,
            0.0,
            2153.0,
            2729.0,
            2216.0,
            1412.0,
            902.0,
            2831.0,
            839.0,
            1822.0,
            1620.0,
            2744.0
        ],
        [
            2107.0,
            2053.0,
            2153.0,
            0.0,
            2066.0,
            1833.0,
            2245.0,
            1644.0,
            879.0,
            2246.0,
            1118.0,
            1773.0,
            1931.0
        ],
        [
            3244.0,
            2705.0,
            2729.0,
            2066.0,
            0.0,
            515.0,
            3695.0,
            2923.0,
            1688.0,
            3363.0,
            2995.0,
            3454.0,
            185.0
        ],
        [
            2756.0,
            2196.0,
            2216.0,
            1833.0,
            515.0,
            0.0,
            3231.0,
            2458.0,
            1687.0,
            2871.0,
            2636.0,
            3033.0,
            572.0
        ],
        [
            617.0,
            1334.0,
            1412.0,
            2245.0,
            3695.0,
            3231.0,
            0.0,
            773.0,
            3116.0,
            606.0,
            1259.0,
            589.0,
            3648.0
        ],
        [
            465.0,
            792.0,
            902.0,
            1644.0,
            2923.0,
            2458.0,
            773.0,
            0.0,
            2474.0,
            604.0,
            970.0,
            742.0,
            2880.0
        ],
        [
            2927.0,
            2746.0,
            2831.0,
            879.0,
            1688.0,
            1687.0,
            3116.0,
            2474.0,
            0.0,
            3067.0,
            1987.0,
            2652.0,
            1512.0
        ],
        [
            140.0,
            781.0,
            839.0,
            2246.0,
            3363.0,
            2871.0,
            606.0,
            604.0,
            3067.0,
            0.0,
            1494.0,
            1006.0,
            3344.0
        ],
        [
            1377.0,
            1707.0,
            1822.0,
            1118.0,
            2995.0,
            2636.0,
            1259.0,
            970.0,
            1987.0,
            1494.0,
            0.0,
            702.0,
            2895.0
        ],
        [
            934.0,
            1516.0,
            1620.0,
            1773.0,
            3454.0,
            3033.0,
            589.0,
            742.0,
            2652.0,
            1006.0,
            702.0,
            0.0,
            3381.0
        ],
        [
            3220.0,
            2713.0,
            2744.0,
            1931.0,
            185.0,
            572.0,
            3648.0,
            2880.0,
            1512.0,
            3344.0,
            2895.0,
            3381.0,
            0.0
        ]
    ],
    "description": {
        "instance_id": "TSP100",
        "instance_type": "TSP",
        "original_instance_name": "kroA100",
        "original_instance_file": "TSP100_13_kroA100.orig.json",
        "contents": "Distance matrix D.",
        "comment": "Distances for GEO edge type are recalculated from coordinates."
    }
}