{
    "D": [
        [
            0.0,
            3350.0,
            1005.0,
            825.0,
            1210.0,
            1304.0,
            3750.0,
            3447.0,
            1579.0,
            1998.0,
            1785.0,
            1746.0,
            4474.0,
            2001.0,
            2237.0,
            2522.0
        ],
        [
            3350.0,
            0.0,
            2351.0,
            2554.0,
            2751.0,
            2850.0,
            1031.0,
            1365.0,
            3946.0,
            4911.0,
            4072.0,
            3070.0,
            1978.0,
            3833.0,
            4732.0,
            5302.0
        ],
        [
            1005.0,
            2351.0,
            0.0,
            224.0,
            886.0,
            1044.0,
            2768.0,
            2512.0,
            1947.0,
            2722.0,
            2132.0,
            1530.0,
            3542.0,
            2124.0,
            2740.0,
            3191.0
        ],
        [
            825.0,
            2554.0,
            224.0,
            0.0,
            752.0,
            906.0,
            2926.0,
            2639.0,
            1741.0,
            2499.0,
            1930.0,
            1404.0,
            3668.0,
            1950.0,
            2528.0,
            2970.0
        ],
        [
            1210.0,
            2751.0,
            886.0,
            752.0,
            0.0,
            158.0,
            2852.0,
            2442.0,
            1209.0,
            2164.0,
            1360.0,
            652.0,
            3434.0,
            1262.0,
            2011.0,
            2554.0
        ],
        [
            1304.0,
            2850.0,
            1044.0,
            906.0,
            158.0,
            0.0,
            2900.0,
            2468.0,
            1097.0,
            2084.0,
            1235.0,
            500.0,
            3444.0,
            1110.0,
            1892.0,
            2452.0
        ],
        [
            3750.0,
            1031.0,
            2768.0,
            2926.0,
            2852.0,
            2900.0,
            0.0,
            570.0,
            3932.0,
            4968.0,
            4012.0,
            2952.0,
            962.0,
            3675.0,
            4653.0,
            5277.0
        ],
        [
            3447.0,
            1365.0,
            2512.0,
            2639.0,
            2442.0,
            2468.0,
            570.0,
            0.0,
            3453.0,
            4501.0,
            3517.0,
            2458.0,
            1030.0,
            3158.0,
            4147.0,
            4782.0
        ],
        [
            1579.0,
            3946.0,
            1947.0,
            1741.0,
            1209.0,
            1097.0,
            3932.0,
            3453.0,
            0.0,
            1053.0,
            206.0,
            1001.0,
            4364.0,
            570.0,
            805.0,
            1360.0
        ],
        [
            1998.0,
            4911.0,
            2722.0,
            2499.0,
            2164.0,
            2084.0,
            4968.0,
            4501.0,
            1053.0,
            0.0,
            1038.0,
            2054.0,
            5417.0,
            1496.0,
            682.0,
            539.0
        ],
        [
            1785.0,
            4072.0,
            2132.0,
            1930.0,
            1360.0,
            1235.0,
            4012.0,
            3517.0,
            206.0,
            1038.0,
            0.0,
            1061.0,
            4403.0,
            472.0,
            660.0,
            1266.0
        ],
        [
            1746.0,
            3070.0,
            1530.0,
            1404.0,
            652.0,
            500.0,
            2952.0,
            2458.0,
            1001.0,
            2054.0,
            1061.0,
            0.0,
            3363.0,
            763.0,
            1704.0,
            2326.0
        ],
        [
            4474.0,
            1978.0,
            3542.0,
            3668.0,
            3434.0,
            3444.0,
            962.0,
            1030.0,
            4364.0,
            5417.0,
            4403.0,
            3363.0,
            0.0,
            4001.0,
            5002.0,
            5650.0
        ],
        [
            2001.0,
            3833.0,
            2124.0,
            1950.0,
            1262.0,
            1110.0,
            3675.0,
            3158.0,
            570.0,
            1496.0,
            472.0,
            763.0,
            4001.0,
            0.0,
            1000.0,
            1651.0
        ],
        [
            2237.0,
            4732.0,
            2740.0,
            2528.0,
            2011.0,
            1892.0,
            4653.0,
            4147.0,
            805.0,
            682.0,
            660.0,
            1704.0,
            5002.0,
            1000.0,
            0.0,
            654.0
        ],
        [
            2522.0,
            5302.0,
            3191.0,
            2970.0,
            2554.0,
            2452.0,
            5277.0,
            4782.0,
            1360.0,
            539.0,
            1266.0,
            2326.0,
            5650.0,
            1651.0,
            654.0,
            0.0
        ]
    ],
    "description": {
        "instance_id": "TSP129",
        "instance_type": "TSP",
        "original_instance_name": "pr299",
        "original_instance_file": "TSP129_16_pr299.orig.json",
        "contents": "Distance matrix D.",
        "comment": "Distances for GEO edge type are recalculated from coordinates."
    }
}