{
    "D": [
        [
            0.0,
            193.0,
            190.0,
            156.0,
            218.0,
            244.0,
            216.0,
            267.0,
            338.0,
            382.0,
            382.0,
            365.0,
            492.0
        ],
        [
            193.0,
            0.0,
            95.0,
            141.0,
            237.0,
            211.0,
            289.0,
            220.0,
            321.0,
            331.0,
            334.0,
            414.0,
            531.0
        ],
        [
            190.0,
            95.0,
            0.0,
            62.0,
            146.0,
            116.0,
            208.0,
            126.0,
            226.0,
            241.0,
            243.0,
            321.0,
            437.0
        ],
        [
            156.0,
            141.0,
            62.0,
            0.0,
            98.0,
            95.0,
            149.0,
            115.0,
            203.0,
            234.0,
            235.0,
            275.0,
            397.0
        ],
        [
            218.0,
            237.0,
            146.0,
            98.0,
            0.0,
            62.0,
            75.0,
            83.0,
            121.0,
            171.0,
            170.0,
            177.0,
            299.0
        ],
        [
            244.0,
            211.0,
            116.0,
            95.0,
            62.0,
            0.0,
            136.0,
            24.0,
            112.0,
            139.0,
            140.0,
            213.0,
            323.0
        ],
        [
            216.0,
            289.0,
            208.0,
            149.0,
            75.0,
            136.0,
            0.0,
            156.0,
            159.0,
            222.0,
            219.0,
            149.0,
            276.0
        ],
        [
            267.0,
            220.0,
            126.0,
            115.0,
            83.0,
            24.0,
            156.0,
            0.0,
            102.0,
            119.0,
            121.0,
            217.0,
            321.0
        ],
        [
            338.0,
            321.0,
            226.0,
            203.0,
            121.0,
            112.0,
            159.0,
            102.0,
            0.0,
            66.0,
            62.0,
            137.0,
            222.0
        ],
        [
            382.0,
            331.0,
            241.0,
            234.0,
            171.0,
            139.0,
            222.0,
            119.0,
            66.0,
            0.0,
            7.0,
            194.0,
            255.0
        ],
        [
            382.0,
            334.0,
            243.0,
            235.0,
            170.0,
            140.0,
            219.0,
            121.0,
            62.0,
            7.0,
            0.0,
            188.0,
            248.0
        ],
        [
            365.0,
            414.0,
            321.0,
            275.0,
            177.0,
            213.0,
            149.0,
            217.0,
            137.0,
            194.0,
            188.0,
            0.0,
            127.0
        ],
        [
            492.0,
            531.0,
            437.0,
            397.0,
            299.0,
            323.0,
            276.0,
            321.0,
            222.0,
            255.0,
            248.0,
            127.0,
            0.0
        ]
    ],
    "description": {
        "instance_id": "TSP178",
        "instance_type": "TSP",
        "original_instance_name": "rat575",
        "original_instance_file": "TSP178_13_rat575.orig.json",
        "contents": "Distance matrix D.",
        "comment": "Distances for GEO edge type are recalculated from coordinates."
    }
}