{
    "D": [
        [
            0.0,
            209.0,
            1716.0,
            1000.0,
            1238.0
        ],
        [
            209.0,
            0.0,
            1495.0,
            774.0,
            1438.0
        ],
        [
            1716.0,
            1495.0,
            0.0,
            848.0,
            1570.0
        ],
        [
            1000.0,
            774.0,
            848.0,
            0.0,
            1087.0
        ],
        [
            1238.0,
            1438.0,
            1570.0,
            1087.0,
            0.0
        ]
    ],
    "description": {
        "instance_id": "TSP105",
        "instance_type": "TSP",
        "original_instance_name": "brazil58",
        "original_instance_file": "TSP105_5_brazil58.orig.json",
        "contents": "Distance matrix D.",
        "comment": "Distances for GEO edge type are recalculated from coordinates."
    }
}