{
    "D": [
        [
            0.0,
            397.0,
            425.0,
            885.0,
            1194.0,
            2081.0,
            2641.0,
            1225.0,
            661.0,
            1010.0,
            1366.0,
            593.0,
            802.0,
            863.0,
            2377.0
        ],
        [
            397.0,
            0.0,
            534.0,
            737.0,
            1590.0,
            2458.0,
            3029.0,
            878.0,
            764.0,
            624.0,
            1736.0,
            974.0,
            604.0,
            886.0,
            2773.0
        ],
        [
            425.0,
            534.0,
            0.0,
            1228.0,
            1355.0,
            2313.0,
            2648.0,
            1397.0,
            248.0,
            958.0,
            1321.0,
            651.0,
            1114.0,
            439.0,
            2496.0
        ],
        [
            885.0,
            737.0,
            1228.0,
            0.0,
            1810.0,
            2464.0,
            3344.0,
            657.0,
            1474.0,
            1035.0,
            2170.0,
            1416.0,
            152.0,
            1619.0,
            2944.0
        ],
        [
            1194.0,
            1590.0,
            1355.0,
            1810.0,
            0.0,
            980.0,
            1537.0,
            2346.0,
            1417.0,
            2201.0,
            644.0,
            706.0,
            1809.0,
            1632.0,
            1184.0
        ],
        [
            2081.0,
            2458.0,
            2313.0,
            2464.0,
            980.0,
            0.0,
            1409.0,
            3086.0,
            2394.0,
            3082.0,
            1437.0,
            1676.0,
            2513.0,
            2612.0,
            720.0
        ],
        [
            2641.0,
            3029.0,
            2648.0,
            3344.0,
            1537.0,
            1409.0,
            0.0,
            3849.0,
            2591.0,
            3593.0,
            1330.0,
            2056.0,
            3334.0,
            2737.0,
            708.0
        ],
        [
            1225.0,
            878.0,
            1397.0,
            657.0,
            2346.0,
            3086.0,
            3849.0,
            0.0,
            1603.0,
            692.0,
            2590.0,
            1818.0,
            576.0,
            1665.0,
            3515.0
        ],
        [
            661.0,
            764.0,
            248.0,
            1474.0,
            1417.0,
            2394.0,
            2591.0,
            1603.0,
            0.0,
            1093.0,
            1265.0,
            720.0,
            1356.0,
            231.0,
            2506.0
        ],
        [
            1010.0,
            624.0,
            958.0,
            1035.0,
            2201.0,
            3082.0,
            3593.0,
            692.0,
            1093.0,
            0.0,
            2273.0,
            1547.0,
            886.0,
            1081.0,
            3380.0
        ],
        [
            1366.0,
            1736.0,
            1321.0,
            2170.0,
            644.0,
            1437.0,
            1330.0,
            2590.0,
            1265.0,
            2273.0,
            0.0,
            774.0,
            2127.0,
            1424.0,
            1304.0
        ],
        [
            593.0,
            974.0,
            651.0,
            1416.0,
            706.0,
            1676.0,
            2056.0,
            1818.0,
            720.0,
            1547.0,
            774.0,
            0.0,
            1361.0,
            944.0,
            1849.0
        ],
        [
            802.0,
            604.0,
            1114.0,
            152.0,
            1809.0,
            2513.0,
            3334.0,
            576.0,
            1356.0,
            886.0,
            2127.0,
            1361.0,
            0.0,
            1491.0,
            2962.0
        ],
        [
            863.0,
            886.0,
            439.0,
            1619.0,
            1632.0,
            2612.0,
            2737.0,
            1665.0,
            231.0,
            1081.0,
            1424.0,
            944.0,
            1491.0,
            0.0,
            2694.0
        ],
        [
            2377.0,
            2773.0,
            2496.0,
            2944.0,
            1184.0,
            720.0,
            708.0,
            3515.0,
            2506.0,
            3380.0,
            1304.0,
            1849.0,
            2962.0,
            2694.0,
            0.0
        ]
    ],
    "description": {
        "instance_id": "TSP102",
        "instance_type": "TSP",
        "original_instance_name": "kroA100",
        "original_instance_file": "TSP102_15_kroA100.orig.json",
        "contents": "Distance matrix D.",
        "comment": "Distances for GEO edge type are recalculated from coordinates."
    }
}