{
    "D": [
        [
            0.0,
            96.0,
            132.0,
            72.0,
            122.0
        ],
        [
            96.0,
            0.0,
            128.0,
            62.0,
            184.0
        ],
        [
            132.0,
            128.0,
            0.0,
            167.0,
            103.0
        ],
        [
            72.0,
            62.0,
            167.0,
            0.0,
            190.0
        ],
        [
            122.0,
            184.0,
            103.0,
            190.0,
            0.0
        ]
    ],
    "description": {
        "instance_id": "TSP14",
        "instance_type": "TSP",
        "original_instance_name": "swiss42",
        "original_instance_file": "TSP14_5_swiss42.orig.json",
        "contents": "Distance matrix D.",
        "comment": "Distances for GEO edge type are recalculated from coordinates."
    }
}