{
    "D": [
        [
            0.0,
            140.0,
            697.0,
            227.0,
            554.0,
            596.0,
            701.0,
            426.0,
            285.0,
            907.0,
            214.0,
            424.0,
            666.0,
            467.0,
            781.0
        ],
        [
            140.0,
            0.0,
            776.0,
            361.0,
            618.0,
            641.0,
            567.0,
            443.0,
            374.0,
            862.0,
            182.0,
            312.0,
            783.0,
            400.0,
            875.0
        ],
        [
            697.0,
            776.0,
            0.0,
            538.0,
            173.0,
            216.0,
            1286.0,
            435.0,
            879.0,
            731.0,
            627.0,
            1086.0,
            279.0,
            662.0,
            138.0
        ],
        [
            227.0,
            361.0,
            538.0,
            0.0,
            435.0,
            504.0,
            927.0,
            428.0,
            341.0,
            939.0,
            340.0,
            649.0,
            451.0,
            568.0,
            595.0
        ],
        [
            554.0,
            618.0,
            173.0,
            435.0,
            0.0,
            90.0,
            1114.0,
            263.0,
            770.0,
            630.0,
            459.0,
            924.0,
            360.0,
            492.0,
            303.0
        ],
        [
            596.0,
            641.0,
            216.0,
            504.0,
            90.0,
            0.0,
            1105.0,
            240.0,
            831.0,
            543.0,
            470.0,
            939.0,
            443.0,
            455.0,
            354.0
        ],
        [
            701.0,
            567.0,
            1286.0,
            927.0,
            1114.0,
            1105.0,
            0.0,
            865.0,
            821.0,
            1056.0,
            655.0,
            318.0,
            1341.0,
            679.0,
            1403.0
        ],
        [
            426.0,
            443.0,
            435.0,
            428.0,
            263.0,
            240.0,
            865.0,
            0.0,
            699.0,
            511.0,
            251.0,
            712.0,
            585.0,
            231.0,
            567.0
        ],
        [
            285.0,
            374.0,
            879.0,
            341.0,
            770.0,
            831.0,
            821.0,
            699.0,
            0.0,
            1191.0,
            499.0,
            504.0,
            758.0,
            751.0,
            928.0
        ],
        [
            907.0,
            862.0,
            731.0,
            939.0,
            630.0,
            543.0,
            1056.0,
            511.0,
            1191.0,
            0.0,
            697.0,
            1051.0,
            985.0,
            466.0,
            861.0
        ],
        [
            214.0,
            182.0,
            627.0,
            340.0,
            459.0,
            470.0,
            655.0,
            251.0,
            499.0,
            697.0,
            0.0,
            469.0,
            685.0,
            254.0,
            739.0
        ],
        [
            424.0,
            312.0,
            1086.0,
            649.0,
            924.0,
            939.0,
            318.0,
            712.0,
            504.0,
            1051.0,
            469.0,
            0.0,
            1089.0,
            598.0,
            1187.0
        ],
        [
            666.0,
            783.0,
            279.0,
            451.0,
            360.0,
            443.0,
            1341.0,
            585.0,
            758.0,
            985.0,
            685.0,
            1089.0,
            0.0,
            811.0,
            220.0
        ],
        [
            467.0,
            400.0,
            662.0,
            568.0,
            492.0,
            455.0,
            679.0,
            231.0,
            751.0,
            466.0,
            254.0,
            598.0,
            811.0,
            0.0,
            796.0
        ],
        [
            781.0,
            875.0,
            138.0,
            595.0,
            303.0,
            354.0,
            1403.0,
            567.0,
            928.0,
            861.0,
            739.0,
            1187.0,
            220.0,
            796.0,
            0.0
        ]
    ],
    "description": {
        "instance_id": "TSP154",
        "instance_type": "TSP",
        "original_instance_name": "hk48",
        "original_instance_file": "TSP154_15_hk48.orig.json",
        "contents": "Distance matrix D.",
        "comment": "Distances for GEO edge type are recalculated from coordinates."
    }
}