{
    "D": [
        [
            0.0,
            2589.0,
            783.0,
            258.0,
            492.0,
            881.0,
            1124.0,
            1227.0,
            674.0,
            2349.0,
            822.0,
            1472.0,
            1867.0,
            149.0,
            3020.0,
            765.0
        ],
        [
            2589.0,
            0.0,
            2112.0,
            2510.0,
            2999.0,
            2244.0,
            3135.0,
            1820.0,
            3115.0,
            253.0,
            2108.0,
            2008.0,
            945.0,
            2472.0,
            459.0,
            3332.0
        ],
        [
            783.0,
            2112.0,
            0.0,
            558.0,
            1272.0,
            205.0,
            1044.0,
            454.0,
            1457.0,
            1905.0,
            42.0,
            696.0,
            1244.0,
            635.0,
            2494.0,
            1333.0
        ],
        [
            258.0,
            2510.0,
            558.0,
            0.0,
            723.0,
            631.0,
            939.0,
            1011.0,
            913.0,
            2279.0,
            592.0,
            1231.0,
            1726.0,
            153.0,
            2925.0,
            828.0
        ],
        [
            492.0,
            2999.0,
            1272.0,
            723.0,
            0.0,
            1353.0,
            1359.0,
            1719.0,
            193.0,
            2752.0,
            1309.0,
            1954.0,
            2334.0,
            642.0,
            3442.0,
            608.0
        ],
        [
            881.0,
            2244.0,
            205.0,
            631.0,
            1353.0,
            0.0,
            892.0,
            475.0,
            1543.0,
            2048.0,
            176.0,
            607.0,
            1343.0,
            743.0,
            2607.0,
            1321.0
        ],
        [
            1124.0,
            3135.0,
            1044.0,
            939.0,
            1359.0,
            892.0,
            0.0,
            1336.0,
            1532.0,
            2939.0,
            1038.0,
            1296.0,
            2225.0,
            1085.0,
            3492.0,
            934.0
        ],
        [
            1227.0,
            1820.0,
            454.0,
            1011.0,
            1719.0,
            475.0,
            1336.0,
            0.0,
            1900.0,
            1645.0,
            423.0,
            355.0,
            891.0,
            1078.0,
            2158.0,
            1776.0
        ],
        [
            674.0,
            3115.0,
            1457.0,
            913.0,
            193.0,
            1543.0,
            1532.0,
            1900.0,
            0.0,
            2865.0,
            1495.0,
            2142.0,
            2486.0,
            823.0,
            3563.0,
            714.0
        ],
        [
            2349.0,
            253.0,
            1905.0,
            2279.0,
            2752.0,
            2048.0,
            2939.0,
            1645.0,
            2865.0,
            0.0,
            1905.0,
            1864.0,
            809.0,
            2236.0,
            712.0,
            3097.0
        ],
        [
            822.0,
            2108.0,
            42.0,
            592.0,
            1309.0,
            176.0,
            1038.0,
            423.0,
            1495.0,
            1905.0,
            0.0,
            655.0,
            1232.0,
            674.0,
            2486.0,
            1358.0
        ],
        [
            1472.0,
            2008.0,
            696.0,
            1231.0,
            1954.0,
            607.0,
            1296.0,
            355.0,
            2142.0,
            1864.0,
            655.0,
            0.0,
            1064.0,
            1327.0,
            2295.0,
            1911.0
        ],
        [
            1867.0,
            945.0,
            1244.0,
            1726.0,
            2334.0,
            1343.0,
            2225.0,
            891.0,
            2486.0,
            809.0,
            1232.0,
            1064.0,
            0.0,
            1729.0,
            1267.0,
            2549.0
        ],
        [
            149.0,
            2472.0,
            635.0,
            153.0,
            642.0,
            743.0,
            1085.0,
            1078.0,
            823.0,
            2236.0,
            674.0,
            1327.0,
            1729.0,
            0.0,
            2898.0,
            863.0
        ],
        [
            3020.0,
            459.0,
            2494.0,
            2925.0,
            3442.0,
            2607.0,
            3492.0,
            2158.0,
            3563.0,
            712.0,
            2486.0,
            2295.0,
            1267.0,
            2898.0,
            0.0,
            3751.0
        ],
        [
            765.0,
            3332.0,
            1333.0,
            828.0,
            608.0,
            1321.0,
            934.0,
            1776.0,
            714.0,
            3097.0,
            1358.0,
            1911.0,
            2549.0,
            863.0,
            3751.0,
            0.0
        ]
    ],
    "description": {
        "instance_id": "TSP142",
        "instance_type": "TSP",
        "original_instance_name": "kroB100",
        "original_instance_file": "TSP142_16_kroB100.orig.json",
        "contents": "Distance matrix D.",
        "comment": "Distances for GEO edge type are recalculated from coordinates."
    }
}