{
    "D": [
        [
            0.0,
            30.0,
            46.0,
            50.0,
            22.0,
            8.0,
            29.0,
            41.0,
            42.0,
            17.0,
            8.0,
            12.0,
            13.0,
            12.0
        ],
        [
            30.0,
            0.0,
            30.0,
            52.0,
            8.0,
            36.0,
            9.0,
            15.0,
            47.0,
            13.0,
            38.0,
            37.0,
            40.0,
            42.0
        ],
        [
            46.0,
            30.0,
            0.0,
            30.0,
            35.0,
            48.0,
            22.0,
            18.0,
            30.0,
            35.0,
            52.0,
            46.0,
            48.0,
            54.0
        ],
        [
            50.0,
            52.0,
            30.0,
            0.0,
            52.0,
            47.0,
            43.0,
            46.0,
            9.0,
            49.0,
            52.0,
            43.0,
            44.0,
            52.0
        ],
        [
            22.0,
            8.0,
            35.0,
            52.0,
            0.0,
            29.0,
            13.0,
            22.0,
            46.0,
            5.0,
            30.0,
            30.0,
            33.0,
            34.0
        ],
        [
            8.0,
            36.0,
            48.0,
            47.0,
            29.0,
            0.0,
            34.0,
            45.0,
            37.0,
            24.0,
            5.0,
            4.0,
            5.0,
            7.0
        ],
        [
            29.0,
            9.0,
            22.0,
            43.0,
            13.0,
            34.0,
            0.0,
            11.0,
            38.0,
            14.0,
            37.0,
            34.0,
            37.0,
            40.0
        ],
        [
            41.0,
            15.0,
            18.0,
            46.0,
            22.0,
            45.0,
            11.0,
            0.0,
            43.0,
            25.0,
            48.0,
            45.0,
            48.0,
            52.0
        ],
        [
            42.0,
            47.0,
            30.0,
            9.0,
            46.0,
            37.0,
            38.0,
            43.0,
            0.0,
            42.0,
            43.0,
            34.0,
            35.0,
            42.0
        ],
        [
            17.0,
            13.0,
            35.0,
            49.0,
            5.0,
            24.0,
            14.0,
            25.0,
            42.0,
            0.0,
            25.0,
            25.0,
            28.0,
            29.0
        ],
        [
            8.0,
            38.0,
            52.0,
            52.0,
            30.0,
            5.0,
            37.0,
            48.0,
            43.0,
            25.0,
            0.0,
            9.0,
            9.0,
            4.0
        ],
        [
            12.0,
            37.0,
            46.0,
            43.0,
            30.0,
            4.0,
            34.0,
            45.0,
            34.0,
            25.0,
            9.0,
            0.0,
            3.0,
            9.0
        ],
        [
            13.0,
            40.0,
            48.0,
            44.0,
            33.0,
            5.0,
            37.0,
            48.0,
            35.0,
            28.0,
            9.0,
            3.0,
            0.0,
            8.0
        ],
        [
            12.0,
            42.0,
            54.0,
            52.0,
            34.0,
            7.0,
            40.0,
            52.0,
            42.0,
            29.0,
            4.0,
            9.0,
            8.0,
            0.0
        ]
    ],
    "description": {
        "instance_id": "TSP192",
        "instance_type": "TSP",
        "original_instance_name": "eil101",
        "original_instance_file": "TSP192_14_eil101.orig.json",
        "contents": "Distance matrix D.",
        "comment": "Distances for GEO edge type are recalculated from coordinates."
    }
}