{
    "D": [
        [
            0.0,
            20.0,
            43.0,
            35.0,
            10.0,
            23.0,
            9.0,
            44.0,
            54.0,
            61.0,
            27.0,
            27.0
        ],
        [
            20.0,
            0.0,
            62.0,
            52.0,
            22.0,
            7.0,
            27.0,
            64.0,
            74.0,
            79.0,
            29.0,
            47.0
        ],
        [
            43.0,
            62.0,
            0.0,
            15.0,
            40.0,
            66.0,
            35.0,
            18.0,
            32.0,
            21.0,
            62.0,
            23.0
        ],
        [
            35.0,
            52.0,
            15.0,
            0.0,
            30.0,
            57.0,
            26.0,
            31.0,
            45.0,
            27.0,
            60.0,
            27.0
        ],
        [
            10.0,
            22.0,
            40.0,
            30.0,
            0.0,
            28.0,
            7.0,
            46.0,
            58.0,
            56.0,
            37.0,
            30.0
        ],
        [
            23.0,
            7.0,
            66.0,
            57.0,
            28.0,
            0.0,
            31.0,
            66.0,
            74.0,
            84.0,
            24.0,
            49.0
        ],
        [
            9.0,
            27.0,
            35.0,
            26.0,
            7.0,
            31.0,
            0.0,
            39.0,
            51.0,
            52.0,
            35.0,
            24.0
        ],
        [
            44.0,
            64.0,
            18.0,
            31.0,
            46.0,
            66.0,
            39.0,
            0.0,
            14.0,
            36.0,
            56.0,
            17.0
        ],
        [
            54.0,
            74.0,
            32.0,
            45.0,
            58.0,
            74.0,
            51.0,
            14.0,
            0.0,
            47.0,
            60.0,
            27.0
        ],
        [
            61.0,
            79.0,
            21.0,
            27.0,
            56.0,
            84.0,
            52.0,
            36.0,
            47.0,
            0.0,
            83.0,
            44.0
        ],
        [
            27.0,
            29.0,
            62.0,
            60.0,
            37.0,
            24.0,
            35.0,
            56.0,
            60.0,
            83.0,
            0.0,
            40.0
        ],
        [
            27.0,
            47.0,
            23.0,
            27.0,
            30.0,
            49.0,
            24.0,
            17.0,
            27.0,
            44.0,
            40.0,
            0.0
        ]
    ],
    "description": {
        "instance_id": "TSP190",
        "instance_type": "TSP",
        "original_instance_name": "eil101",
        "original_instance_file": "TSP190_12_eil101.orig.json",
        "contents": "Distance matrix D.",
        "comment": "Distances for GEO edge type are recalculated from coordinates."
    }
}