{
    "D": [
        [
            0.0,
            1298.0,
            1126.0,
            489.0,
            3440.0,
            841.0,
            3974.0,
            754.0,
            3430.0,
            2098.0
        ],
        [
            1298.0,
            0.0,
            2266.0,
            1444.0,
            2149.0,
            455.0,
            2688.0,
            950.0,
            2952.0,
            2286.0
        ],
        [
            1126.0,
            2266.0,
            0.0,
            818.0,
            4408.0,
            1827.0,
            4947.0,
            1747.0,
            4036.0,
            3554.0
        ],
        [
            489.0,
            1444.0,
            818.0,
            0.0,
            3579.0,
            1152.0,
            4113.0,
            949.0,
            3616.0,
            2725.0
        ],
        [
            3440.0,
            2149.0,
            4408.0,
            3579.0,
            0.0,
            2590.0,
            544.0,
            3083.0,
            4328.0,
            3718.0
        ],
        [
            841.0,
            455.0,
            1827.0,
            1152.0,
            2590.0,
            0.0,
            3124.0,
            488.0,
            2732.0,
            2331.0
        ],
        [
            3974.0,
            2688.0,
            4947.0,
            4113.0,
            544.0,
            3124.0,
            0.0,
            3617.0,
            4902.0,
            4252.0
        ],
        [
            754.0,
            950.0,
            1747.0,
            949.0,
            3083.0,
            488.0,
            3617.0,
            0.0,
            2770.0,
            1543.0
        ],
        [
            3430.0,
            2952.0,
            4036.0,
            3616.0,
            4328.0,
            2732.0,
            4902.0,
            2770.0,
            0.0,
            1446.0
        ],
        [
            2098.0,
            2286.0,
            3554.0,
            2725.0,
            3718.0,
            2331.0,
            4252.0,
            1543.0,
            1446.0,
            0.0
        ]
    ],
    "description": {
        "instance_id": "TSP110",
        "instance_type": "TSP",
        "original_instance_name": "brazil58",
        "original_instance_file": "TSP110_10_brazil58.orig.json",
        "contents": "Distance matrix D.",
        "comment": "Distances for GEO edge type are recalculated from coordinates."
    }
}