{
    "D": [
        [
            0.0,
            14.0,
            24.0,
            56.0,
            19.0,
            48.0,
            11.0,
            37.0
        ],
        [
            14.0,
            0.0,
            22.0,
            43.0,
            33.0,
            40.0,
            19.0,
            30.0
        ],
        [
            24.0,
            22.0,
            0.0,
            57.0,
            36.0,
            61.0,
            17.0,
            15.0
        ],
        [
            56.0,
            43.0,
            57.0,
            0.0,
            75.0,
            30.0,
            62.0,
            52.0
        ],
        [
            19.0,
            33.0,
            36.0,
            75.0,
            0.0,
            64.0,
            19.0,
            51.0
        ],
        [
            48.0,
            40.0,
            61.0,
            30.0,
            64.0,
            0.0,
            58.0,
            63.0
        ],
        [
            11.0,
            19.0,
            17.0,
            62.0,
            19.0,
            58.0,
            0.0,
            32.0
        ],
        [
            37.0,
            30.0,
            15.0,
            52.0,
            51.0,
            63.0,
            32.0,
            0.0
        ]
    ],
    "description": {
        "instance_id": "TSP186",
        "instance_type": "TSP",
        "original_instance_name": "eil101",
        "original_instance_file": "TSP186_8_eil101.orig.json",
        "contents": "Distance matrix D.",
        "comment": "Distances for GEO edge type are recalculated from coordinates."
    }
}