{
    "D": [
        [
            0.0,
            11.0,
            27.0,
            50.0,
            38.0,
            34.0
        ],
        [
            11.0,
            0.0,
            26.0,
            43.0,
            34.0,
            30.0
        ],
        [
            27.0,
            26.0,
            0.0,
            26.0,
            12.0,
            8.0
        ],
        [
            50.0,
            43.0,
            26.0,
            0.0,
            15.0,
            18.0
        ],
        [
            38.0,
            34.0,
            12.0,
            15.0,
            0.0,
            4.0
        ],
        [
            34.0,
            30.0,
            8.0,
            18.0,
            4.0,
            0.0
        ]
    ],
    "description": {
        "instance_id": "TSP184",
        "instance_type": "TSP",
        "original_instance_name": "eil101",
        "original_instance_file": "TSP184_6_eil101.orig.json",
        "contents": "Distance matrix D.",
        "comment": "Distances for GEO edge type are recalculated from coordinates."
    }
}