{
    "D": [
        [
            0.0,
            3841.0,
            2393.0,
            3165.0,
            4396.0,
            1079.0,
            968.0,
            2678.0,
            978.0,
            3864.0,
            687.0
        ],
        [
            3841.0,
            0.0,
            1647.0,
            1052.0,
            5893.0,
            3201.0,
            3064.0,
            1385.0,
            3129.0,
            1070.0,
            3209.0
        ],
        [
            2393.0,
            1647.0,
            0.0,
            936.0,
            4929.0,
            1841.0,
            1849.0,
            452.0,
            2020.0,
            1869.0,
            1642.0
        ],
        [
            3165.0,
            1052.0,
            936.0,
            0.0,
            5480.0,
            2529.0,
            2392.0,
            656.0,
            2619.0,
            1608.0,
            2537.0
        ],
        [
            4396.0,
            5893.0,
            4929.0,
            5480.0,
            0.0,
            3843.0,
            3662.0,
            4999.0,
            3568.0,
            5695.0,
            3986.0
        ],
        [
            1079.0,
            3201.0,
            1841.0,
            2529.0,
            3843.0,
            0.0,
            148.0,
            2020.0,
            287.0,
            3213.0,
            107.0
        ],
        [
            968.0,
            3064.0,
            1849.0,
            2392.0,
            3662.0,
            148.0,
            0.0,
            1883.0,
            192.0,
            2928.0,
            217.0
        ],
        [
            2678.0,
            1385.0,
            452.0,
            656.0,
            4999.0,
            2020.0,
            1883.0,
            0.0,
            2235.0,
            1601.0,
            1960.0
        ],
        [
            978.0,
            3129.0,
            2020.0,
            2619.0,
            3568.0,
            287.0,
            192.0,
            2235.0,
            0.0,
            2931.0,
            342.0
        ],
        [
            3864.0,
            1070.0,
            1869.0,
            1608.0,
            5695.0,
            3213.0,
            2928.0,
            1601.0,
            2931.0,
            0.0,
            3206.0
        ],
        [
            687.0,
            3209.0,
            1642.0,
            2537.0,
            3986.0,
            107.0,
            217.0,
            1960.0,
            342.0,
            3206.0,
            0.0
        ]
    ],
    "description": {
        "instance_id": "TSP111",
        "instance_type": "TSP",
        "original_instance_name": "brazil58",
        "original_instance_file": "TSP111_11_brazil58.orig.json",
        "contents": "Distance matrix D.",
        "comment": "Distances for GEO edge type are recalculated from coordinates."
    }
}