{
    "D": [
        [
            0.0,
            2585.0,
            3045.0,
            1686.0,
            2692.0,
            950.0,
            2952.0
        ],
        [
            2585.0,
            0.0,
            5113.0,
            3184.0,
            114.0,
            2074.0,
            1284.0
        ],
        [
            3045.0,
            5113.0,
            0.0,
            4791.0,
            4999.0,
            3986.0,
            5259.0
        ],
        [
            1686.0,
            3184.0,
            4791.0,
            0.0,
            3070.0,
            1095.0,
            3816.0
        ],
        [
            2692.0,
            114.0,
            4999.0,
            3070.0,
            0.0,
            1960.0,
            1170.0
        ],
        [
            950.0,
            2074.0,
            3986.0,
            1095.0,
            1960.0,
            0.0,
            2770.0
        ],
        [
            2952.0,
            1284.0,
            5259.0,
            3816.0,
            1170.0,
            2770.0,
            0.0
        ]
    ],
    "description": {
        "instance_id": "TSP107",
        "instance_type": "TSP",
        "original_instance_name": "brazil58",
        "original_instance_file": "TSP107_7_brazil58.orig.json",
        "contents": "Distance matrix D.",
        "comment": "Distances for GEO edge type are recalculated from coordinates."
    }
}