{
    "D": [
        [
            0.0,
            1273.0,
            3953.0,
            1166.0,
            2974.0,
            1967.0,
            3591.0,
            1078.0,
            531.0,
            2731.0,
            3623.0,
            1898.0,
            1127.0,
            683.0,
            569.0
        ],
        [
            1273.0,
            0.0,
            2712.0,
            513.0,
            1989.0,
            696.0,
            2464.0,
            434.0,
            810.0,
            1463.0,
            2519.0,
            681.0,
            268.0,
            590.0,
            1056.0
        ],
        [
            3953.0,
            2712.0,
            0.0,
            3063.0,
            1546.0,
            2032.0,
            860.0,
            3063.0,
            3436.0,
            1286.0,
            965.0,
            2275.0,
            2933.0,
            3288.0,
            3569.0
        ],
        [
            1166.0,
            513.0,
            3063.0,
            0.0,
            2486.0,
            1045.0,
            2910.0,
            128.0,
            889.0,
            1779.0,
            2975.0,
            816.0,
            263.0,
            595.0,
            1195.0
        ],
        [
            2974.0,
            1989.0,
            1546.0,
            2486.0,
            0.0,
            1572.0,
            774.0,
            2422.0,
            2450.0,
            1357.0,
            743.0,
            1970.0,
            2257.0,
            2422.0,
            2467.0
        ],
        [
            1967.0,
            696.0,
            2032.0,
            1045.0,
            1572.0,
            0.0,
            1884.0,
            1034.0,
            1483.0,
            768.0,
            1958.0,
            401.0,
            901.0,
            1285.0,
            1689.0
        ],
        [
            3591.0,
            2464.0,
            860.0,
            2910.0,
            774.0,
            1884.0,
            0.0,
            2875.0,
            3061.0,
            1340.0,
            121.0,
            2235.0,
            2720.0,
            2979.0,
            3127.0
        ],
        [
            1078.0,
            434.0,
            3063.0,
            128.0,
            2422.0,
            1034.0,
            2875.0,
            0.0,
            768.0,
            1786.0,
            2936.0,
            852.0,
            167.0,
            476.0,
            1073.0
        ],
        [
            531.0,
            810.0,
            3436.0,
            889.0,
            2450.0,
            1483.0,
            3061.0,
            768.0,
            0.0,
            2237.0,
            3093.0,
            1480.0,
            745.0,
            293.0,
            309.0
        ],
        [
            2731.0,
            1463.0,
            1286.0,
            1779.0,
            1357.0,
            768.0,
            1340.0,
            1786.0,
            2237.0,
            0.0,
            1442.0,
            992.0,
            1664.0,
            2052.0,
            2418.0
        ],
        [
            3623.0,
            2519.0,
            965.0,
            2975.0,
            743.0,
            1958.0,
            121.0,
            2936.0,
            3093.0,
            1442.0,
            0.0,
            2317.0,
            2779.0,
            3022.0,
            3147.0
        ],
        [
            1898.0,
            681.0,
            2275.0,
            816.0,
            1970.0,
            401.0,
            2235.0,
            852.0,
            1480.0,
            992.0,
            2317.0,
            0.0,
            772.0,
            1227.0,
            1736.0
        ],
        [
            1127.0,
            268.0,
            2933.0,
            263.0,
            2257.0,
            901.0,
            2720.0,
            167.0,
            745.0,
            1664.0,
            2779.0,
            772.0,
            0.0,
            467.0,
            1034.0
        ],
        [
            683.0,
            590.0,
            3288.0,
            595.0,
            2422.0,
            1285.0,
            2979.0,
            476.0,
            293.0,
            2052.0,
            3022.0,
            1227.0,
            467.0,
            0.0,
            600.0
        ],
        [
            569.0,
            1056.0,
            3569.0,
            1195.0,
            2467.0,
            1689.0,
            3127.0,
            1073.0,
            309.0,
            2418.0,
            3147.0,
            1736.0,
            1034.0,
            600.0,
            0.0
        ]
    ],
    "description": {
        "instance_id": "TSP167",
        "instance_type": "TSP",
        "original_instance_name": "kroC100",
        "original_instance_file": "TSP167_15_kroC100.orig.json",
        "contents": "Distance matrix D.",
        "comment": "Distances for GEO edge type are recalculated from coordinates."
    }
}