{
    "D": [
        [
            0.0,
            3411.0,
            465.0,
            817.0,
            2512.0,
            3977.0,
            1876.0,
            3121.0,
            2330.0,
            962.0,
            2941.0
        ],
        [
            3411.0,
            0.0,
            3427.0,
            2653.0,
            1135.0,
            711.0,
            2611.0,
            469.0,
            1139.0,
            2450.0,
            471.0
        ],
        [
            465.0,
            3427.0,
            0.0,
            781.0,
            2646.0,
            4042.0,
            1541.0,
            3191.0,
            2302.0,
            1038.0,
            2966.0
        ],
        [
            817.0,
            2653.0,
            781.0,
            0.0,
            1878.0,
            3261.0,
            1240.0,
            2410.0,
            1540.0,
            299.0,
            2189.0
        ],
        [
            2512.0,
            1135.0,
            2646.0,
            1878.0,
            0.0,
            1512.0,
            2354.0,
            700.0,
            894.0,
            1608.0,
            752.0
        ],
        [
            3977.0,
            711.0,
            4042.0,
            3261.0,
            1512.0,
            0.0,
            3317.0,
            856.0,
            1805.0,
            3030.0,
            1099.0
        ],
        [
            1876.0,
            2611.0,
            1541.0,
            1240.0,
            2354.0,
            3317.0,
            0.0,
            2585.0,
            1569.0,
            1411.0,
            2249.0
        ],
        [
            3121.0,
            469.0,
            3191.0,
            2410.0,
            700.0,
            856.0,
            2585.0,
            0.0,
            1020.0,
            2174.0,
            362.0
        ],
        [
            2330.0,
            1139.0,
            2302.0,
            1540.0,
            894.0,
            1805.0,
            1569.0,
            1020.0,
            0.0,
            1374.0,
            707.0
        ],
        [
            962.0,
            2450.0,
            1038.0,
            299.0,
            1608.0,
            3030.0,
            1411.0,
            2174.0,
            1374.0,
            0.0,
            1980.0
        ],
        [
            2941.0,
            471.0,
            2966.0,
            2189.0,
            752.0,
            1099.0,
            2249.0,
            362.0,
            707.0,
            1980.0,
            0.0
        ]
    ],
    "description": {
        "instance_id": "TSP137",
        "instance_type": "TSP",
        "original_instance_name": "kroB100",
        "original_instance_file": "TSP137_11_kroB100.orig.json",
        "contents": "Distance matrix D.",
        "comment": "Distances for GEO edge type are recalculated from coordinates."
    }
}