{
    "D": [
        [
            0.0,
            224.0,
            1521.0,
            1581.0,
            1678.0,
            2097.0,
            2710.0,
            667.0,
            1183.0
        ],
        [
            224.0,
            0.0,
            1442.0,
            1801.0,
            1591.0,
            2025.0,
            2910.0,
            886.0,
            1192.0
        ],
        [
            1521.0,
            1442.0,
            0.0,
            2423.0,
            162.0,
            584.0,
            3030.0,
            1785.0,
            605.0
        ],
        [
            1581.0,
            1801.0,
            2423.0,
            0.0,
            2572.0,
            2826.0,
            1268.0,
            915.0,
            1823.0
        ],
        [
            1678.0,
            1591.0,
            162.0,
            2572.0,
            0.0,
            447.0,
            3142.0,
            1947.0,
            750.0
        ],
        [
            2097.0,
            2025.0,
            584.0,
            2826.0,
            447.0,
            0.0,
            3232.0,
            2297.0,
            1042.0
        ],
        [
            2710.0,
            2910.0,
            3030.0,
            1268.0,
            3142.0,
            3232.0,
            0.0,
            2076.0,
            2459.0
        ],
        [
            667.0,
            886.0,
            1785.0,
            915.0,
            1947.0,
            2297.0,
            2076.0,
            0.0,
            1260.0
        ],
        [
            1183.0,
            1192.0,
            605.0,
            1823.0,
            750.0,
            1042.0,
            2459.0,
            1260.0,
            0.0
        ]
    ],
    "description": {
        "instance_id": "TSP135",
        "instance_type": "TSP",
        "original_instance_name": "kroB100",
        "original_instance_file": "TSP135_9_kroB100.orig.json",
        "contents": "Distance matrix D.",
        "comment": "Distances for GEO edge type are recalculated from coordinates."
    }
}