{
    "D": [
        [
            0.0,
            586.0,
            960.0,
            3672.0,
            3027.0,
            2749.0,
            1369.0,
            1055.0,
            3278.0,
            1458.0
        ],
        [
            586.0,
            0.0,
            1312.0,
            3150.0,
            2580.0,
            2256.0,
            829.0,
            1144.0,
            2920.0,
            1626.0
        ],
        [
            960.0,
            1312.0,
            0.0,
            3783.0,
            2971.0,
            2830.0,
            1760.0,
            546.0,
            3014.0,
            623.0
        ],
        [
            3672.0,
            3150.0,
            3783.0,
            0.0,
            939.0,
            954.0,
            2321.0,
            3244.0,
            1464.0,
            3484.0
        ],
        [
            3027.0,
            2580.0,
            2971.0,
            939.0,
            0.0,
            463.0,
            1790.0,
            2425.0,
            690.0,
            2605.0
        ],
        [
            2749.0,
            2256.0,
            2830.0,
            954.0,
            463.0,
            0.0,
            1436.0,
            2292.0,
            1126.0,
            2552.0
        ],
        [
            1369.0,
            829.0,
            1760.0,
            2321.0,
            1790.0,
            1436.0,
            0.0,
            1340.0,
            2216.0,
            1789.0
        ],
        [
            1055.0,
            1144.0,
            546.0,
            3244.0,
            2425.0,
            2292.0,
            1340.0,
            0.0,
            2485.0,
            489.0
        ],
        [
            3278.0,
            2920.0,
            3014.0,
            1464.0,
            690.0,
            1126.0,
            2216.0,
            2485.0,
            0.0,
            2535.0
        ],
        [
            1458.0,
            1626.0,
            623.0,
            3484.0,
            2605.0,
            2552.0,
            1789.0,
            489.0,
            2535.0,
            0.0
        ]
    ],
    "description": {
        "instance_id": "TSP162",
        "instance_type": "TSP",
        "original_instance_name": "kroC100",
        "original_instance_file": "TSP162_10_kroC100.orig.json",
        "contents": "Distance matrix D.",
        "comment": "Distances for GEO edge type are recalculated from coordinates."
    }
}