{
    "D": [
        [
            0.0,
            1519.0,
            140.0,
            1229.0,
            721.0,
            1291.0,
            1114.0,
            285.0,
            1936.0,
            214.0,
            424.0,
            521.0,
            882.0,
            2182.0
        ],
        [
            1519.0,
            0.0,
            1425.0,
            370.0,
            1092.0,
            973.0,
            565.0,
            1796.0,
            959.0,
            1309.0,
            1479.0,
            1479.0,
            1252.0,
            668.0
        ],
        [
            140.0,
            1425.0,
            0.0,
            1119.0,
            581.0,
            1152.0,
            1060.0,
            374.0,
            1802.0,
            182.0,
            312.0,
            608.0,
            744.0,
            2082.0
        ],
        [
            1229.0,
            370.0,
            1119.0,
            0.0,
            726.0,
            653.0,
            563.0,
            1493.0,
            882.0,
            1032.0,
            1131.0,
            1298.0,
            882.0,
            973.0
        ],
        [
            721.0,
            1092.0,
            581.0,
            726.0,
            0.0,
            572.0,
            972.0,
            908.0,
            1240.0,
            617.0,
            443.0,
            1070.0,
            252.0,
            1681.0
        ],
        [
            1291.0,
            973.0,
            1152.0,
            653.0,
            572.0,
            0.0,
            1163.0,
            1473.0,
            801.0,
            1169.0,
            983.0,
            1590.0,
            503.0,
            1376.0
        ],
        [
            1114.0,
            565.0,
            1060.0,
            563.0,
            972.0,
            1163.0,
            0.0,
            1399.0,
            1427.0,
            902.0,
            1222.0,
            949.0,
            1207.0,
            1197.0
        ],
        [
            285.0,
            1796.0,
            374.0,
            1493.0,
            908.0,
            1473.0,
            1399.0,
            0.0,
            2147.0,
            499.0,
            504.0,
            703.0,
            1011.0,
            2455.0
        ],
        [
            1936.0,
            959.0,
            1802.0,
            882.0,
            1240.0,
            801.0,
            1427.0,
            2147.0,
            0.0,
            1780.0,
            1673.0,
            2136.0,
            1204.0,
            959.0
        ],
        [
            214.0,
            1309.0,
            182.0,
            1032.0,
            617.0,
            1169.0,
            902.0,
            499.0,
            1780.0,
            0.0,
            469.0,
            472.0,
            823.0,
            1975.0
        ],
        [
            424.0,
            1479.0,
            312.0,
            1131.0,
            443.0,
            983.0,
            1222.0,
            504.0,
            1673.0,
            469.0,
            0.0,
            919.0,
            507.0,
            2101.0
        ],
        [
            521.0,
            1479.0,
            608.0,
            1298.0,
            1070.0,
            1590.0,
            949.0,
            703.0,
            2136.0,
            472.0,
            919.0,
            0.0,
            1291.0,
            2138.0
        ],
        [
            882.0,
            1252.0,
            744.0,
            882.0,
            252.0,
            503.0,
            1207.0,
            1011.0,
            1204.0,
            823.0,
            507.0,
            1291.0,
            0.0,
            1787.0
        ],
        [
            2182.0,
            668.0,
            2082.0,
            973.0,
            1681.0,
            1376.0,
            1197.0,
            2455.0,
            959.0,
            1975.0,
            2101.0,
            2138.0,
            1787.0,
            0.0
        ]
    ],
    "description": {
        "instance_id": "TSP153",
        "instance_type": "TSP",
        "original_instance_name": "hk48",
        "original_instance_file": "TSP153_14_hk48.orig.json",
        "contents": "Distance matrix D.",
        "comment": "Distances for GEO edge type are recalculated from coordinates."
    }
}