{
    "D": [
        [
            0.0,
            1004.0,
            1036.0,
            458.0,
            3125.0,
            227.0,
            80.0,
            2700.0,
            948.0
        ],
        [
            1004.0,
            0.0,
            1609.0,
            1041.0,
            3586.0,
            894.0,
            950.0,
            2952.0,
            1972.0
        ],
        [
            1036.0,
            1609.0,
            0.0,
            578.0,
            4116.0,
            1301.0,
            967.0,
            3683.0,
            1939.0
        ],
        [
            458.0,
            1041.0,
            578.0,
            0.0,
            3542.0,
            669.0,
            388.0,
            3129.0,
            1347.0
        ],
        [
            3125.0,
            3586.0,
            4116.0,
            3542.0,
            0.0,
            3064.0,
            3209.0,
            634.0,
            2395.0
        ],
        [
            227.0,
            894.0,
            1301.0,
            669.0,
            3064.0,
            0.0,
            217.0,
            2492.0,
            1095.0
        ],
        [
            80.0,
            950.0,
            967.0,
            388.0,
            3209.0,
            217.0,
            0.0,
            2770.0,
            888.0
        ],
        [
            2700.0,
            2952.0,
            3683.0,
            3129.0,
            634.0,
            2492.0,
            2770.0,
            0.0,
            2105.0
        ],
        [
            948.0,
            1972.0,
            1939.0,
            1347.0,
            2395.0,
            1095.0,
            888.0,
            2105.0,
            0.0
        ]
    ],
    "description": {
        "instance_id": "TSP109",
        "instance_type": "TSP",
        "original_instance_name": "brazil58",
        "original_instance_file": "TSP109_9_brazil58.orig.json",
        "contents": "Distance matrix D.",
        "comment": "Distances for GEO edge type are recalculated from coordinates."
    }
}