{
    "D": [
        [
            0.0,
            1773.0,
            885.0,
            1183.0,
            5993.0,
            5690.0,
            6480.0
        ],
        [
            1773.0,
            0.0,
            1759.0,
            1590.0,
            4220.0,
            3927.0,
            4712.0
        ],
        [
            885.0,
            1759.0,
            0.0,
            380.0,
            5826.0,
            5443.0,
            6248.0
        ],
        [
            1183.0,
            1590.0,
            380.0,
            0.0,
            5531.0,
            5127.0,
            5933.0
        ],
        [
            5993.0,
            4220.0,
            5826.0,
            5531.0,
            0.0,
            636.0,
            652.0
        ],
        [
            5690.0,
            3927.0,
            5443.0,
            5127.0,
            636.0,
            0.0,
            806.0
        ],
        [
            6480.0,
            4712.0,
            6248.0,
            5933.0,
            652.0,
            806.0,
            0.0
        ]
    ],
    "description": {
        "instance_id": "TSP120",
        "instance_type": "TSP",
        "original_instance_name": "pr299",
        "original_instance_file": "TSP120_7_pr299.orig.json",
        "contents": "Distance matrix D.",
        "comment": "Distances for GEO edge type are recalculated from coordinates."
    }
}