{
    "D": [
        [
            0.0,
            1861.0,
            1713.0,
            370.0,
            1073.0,
            798.0,
            1283.0,
            565.0,
            1315.0,
            846.0,
            1275.0,
            2085.0,
            742.0,
            703.0,
            1600.0,
            930.0
        ],
        [
            1861.0,
            0.0,
            182.0,
            1735.0,
            851.0,
            1159.0,
            613.0,
            1300.0,
            1605.0,
            1251.0,
            826.0,
            1255.0,
            1123.0,
            1282.0,
            264.0,
            1398.0
        ],
        [
            1713.0,
            182.0,
            0.0,
            1612.0,
            749.0,
            1049.0,
            516.0,
            1149.0,
            1580.0,
            1161.0,
            780.0,
            1347.0,
            985.0,
            1171.0,
            177.0,
            1327.0
        ],
        [
            370.0,
            1735.0,
            1612.0,
            0.0,
            891.0,
            583.0,
            1125.0,
            563.0,
            947.0,
            560.0,
            1033.0,
            1763.0,
            642.0,
            463.0,
            1472.0,
            588.0
        ],
        [
            1073.0,
            851.0,
            749.0,
            891.0,
            0.0,
            309.0,
            238.0,
            569.0,
            940.0,
            414.0,
            269.0,
            1188.0,
            355.0,
            432.0,
            592.0,
            598.0
        ],
        [
            798.0,
            1159.0,
            1049.0,
            583.0,
            309.0,
            0.0,
            546.0,
            397.0,
            821.0,
            180.0,
            476.0,
            1333.0,
            235.0,
            123.0,
            898.0,
            396.0
        ],
        [
            1283.0,
            613.0,
            516.0,
            1125.0,
            238.0,
            546.0,
            0.0,
            745.0,
            1105.0,
            645.0,
            316.0,
            1152.0,
            543.0,
            669.0,
            354.0,
            813.0
        ],
        [
            565.0,
            1300.0,
            1149.0,
            563.0,
            569.0,
            397.0,
            745.0,
            0.0,
            1183.0,
            549.0,
            818.0,
            1716.0,
            214.0,
            390.0,
            1042.0,
            741.0
        ],
        [
            1315.0,
            1605.0,
            1580.0,
            947.0,
            940.0,
            821.0,
            1105.0,
            1183.0,
            0.0,
            644.0,
            803.0,
            968.0,
            1056.0,
            794.0,
            1403.0,
            442.0
        ],
        [
            846.0,
            1251.0,
            1161.0,
            560.0,
            414.0,
            180.0,
            645.0,
            549.0,
            644.0,
            0.0,
            480.0,
            1241.0,
            413.0,
            166.0,
            998.0,
            216.0
        ],
        [
            1275.0,
            826.0,
            780.0,
            1033.0,
            269.0,
            476.0,
            316.0,
            818.0,
            803.0,
            480.0,
            0.0,
            919.0,
            605.0,
            580.0,
            603.0,
            582.0
        ],
        [
            2085.0,
            1255.0,
            1347.0,
            1763.0,
            1188.0,
            1333.0,
            1152.0,
            1716.0,
            968.0,
            1241.0,
            919.0,
            0.0,
            1511.0,
            1397.0,
            1212.0,
            1176.0
        ],
        [
            742.0,
            1123.0,
            985.0,
            642.0,
            355.0,
            235.0,
            543.0,
            214.0,
            1056.0,
            413.0,
            605.0,
            1511.0,
            0.0,
            290.0,
            861.0,
            626.0
        ],
        [
            703.0,
            1282.0,
            1171.0,
            463.0,
            432.0,
            123.0,
            669.0,
            390.0,
            794.0,
            166.0,
            580.0,
            1397.0,
            290.0,
            0.0,
            1021.0,
            352.0
        ],
        [
            1600.0,
            264.0,
            177.0,
            1472.0,
            592.0,
            898.0,
            354.0,
            1042.0,
            1403.0,
            998.0,
            603.0,
            1212.0,
            861.0,
            1021.0,
            0.0,
            1157.0
        ],
        [
            930.0,
            1398.0,
            1327.0,
            588.0,
            598.0,
            396.0,
            813.0,
            741.0,
            442.0,
            216.0,
            582.0,
            1176.0,
            626.0,
            352.0,
            1157.0,
            0.0
        ]
    ],
    "description": {
        "instance_id": "TSP155",
        "instance_type": "TSP",
        "original_instance_name": "hk48",
        "original_instance_file": "TSP155_16_hk48.orig.json",
        "contents": "Distance matrix D.",
        "comment": "Distances for GEO edge type are recalculated from coordinates."
    }
}