{
    "D": [
        [
            0.0,
            12.0,
            43.0,
            9.0,
            12.0,
            59.0,
            29.0,
            19.0,
            9.0,
            24.0,
            56.0,
            12.0,
            14.0,
            18.0,
            11.0,
            17.0
        ],
        [
            12.0,
            0.0,
            50.0,
            16.0,
            4.0,
            70.0,
            22.0,
            8.0,
            18.0,
            36.0,
            59.0,
            6.0,
            26.0,
            30.0,
            23.0,
            30.0
        ],
        [
            43.0,
            50.0,
            0.0,
            35.0,
            53.0,
            35.0,
            44.0,
            50.0,
            34.0,
            46.0,
            19.0,
            45.0,
            42.0,
            42.0,
            42.0,
            39.0
        ],
        [
            9.0,
            16.0,
            35.0,
            0.0,
            18.0,
            55.0,
            23.0,
            18.0,
            4.0,
            28.0,
            46.0,
            11.0,
            18.0,
            22.0,
            16.0,
            20.0
        ],
        [
            12.0,
            4.0,
            53.0,
            18.0,
            0.0,
            71.0,
            26.0,
            12.0,
            20.0,
            34.0,
            63.0,
            10.0,
            25.0,
            29.0,
            22.0,
            29.0
        ],
        [
            59.0,
            70.0,
            35.0,
            55.0,
            71.0,
            0.0,
            73.0,
            73.0,
            52.0,
            44.0,
            51.0,
            66.0,
            49.0,
            46.0,
            51.0,
            44.0
        ],
        [
            29.0,
            22.0,
            44.0,
            23.0,
            26.0,
            73.0,
            0.0,
            15.0,
            27.0,
            51.0,
            45.0,
            17.0,
            41.0,
            45.0,
            38.0,
            43.0
        ],
        [
            19.0,
            8.0,
            50.0,
            18.0,
            12.0,
            73.0,
            15.0,
            0.0,
            22.0,
            43.0,
            56.0,
            7.0,
            33.0,
            37.0,
            29.0,
            36.0
        ],
        [
            9.0,
            18.0,
            34.0,
            4.0,
            20.0,
            52.0,
            27.0,
            22.0,
            0.0,
            24.0,
            47.0,
            15.0,
            15.0,
            18.0,
            12.0,
            16.0
        ],
        [
            24.0,
            36.0,
            46.0,
            28.0,
            34.0,
            44.0,
            51.0,
            43.0,
            24.0,
            0.0,
            63.0,
            36.0,
            10.0,
            6.0,
            13.0,
            8.0
        ],
        [
            56.0,
            59.0,
            19.0,
            46.0,
            63.0,
            51.0,
            45.0,
            56.0,
            47.0,
            63.0,
            0.0,
            53.0,
            58.0,
            59.0,
            57.0,
            56.0
        ],
        [
            12.0,
            6.0,
            45.0,
            11.0,
            10.0,
            66.0,
            17.0,
            7.0,
            15.0,
            36.0,
            53.0,
            0.0,
            26.0,
            30.0,
            23.0,
            29.0
        ],
        [
            14.0,
            26.0,
            42.0,
            18.0,
            25.0,
            49.0,
            41.0,
            33.0,
            15.0,
            10.0,
            58.0,
            26.0,
            0.0,
            4.0,
            3.0,
            4.0
        ],
        [
            18.0,
            30.0,
            42.0,
            22.0,
            29.0,
            46.0,
            45.0,
            37.0,
            18.0,
            6.0,
            59.0,
            30.0,
            4.0,
            0.0,
            8.0,
            3.0
        ],
        [
            11.0,
            23.0,
            42.0,
            16.0,
            22.0,
            51.0,
            38.0,
            29.0,
            12.0,
            13.0,
            57.0,
            23.0,
            3.0,
            8.0,
            0.0,
            7.0
        ],
        [
            17.0,
            30.0,
            39.0,
            20.0,
            29.0,
            44.0,
            43.0,
            36.0,
            16.0,
            8.0,
            56.0,
            29.0,
            4.0,
            3.0,
            7.0,
            0.0
        ]
    ],
    "description": {
        "instance_id": "TSP194",
        "instance_type": "TSP",
        "original_instance_name": "eil101",
        "original_instance_file": "TSP194_16_eil101.orig.json",
        "contents": "Distance matrix D.",
        "comment": "Distances for GEO edge type are recalculated from coordinates."
    }
}