{
    "D": [
        [
            0.0,
            985.0,
            1441.0,
            914.0,
            3244.0,
            3268.0,
            970.0,
            2400.0,
            3356.0,
            325.0,
            2649.0,
            2399.0
        ],
        [
            985.0,
            0.0,
            461.0,
            609.0,
            3861.0,
            3753.0,
            405.0,
            2972.0,
            3636.0,
            1110.0,
            2947.0,
            3136.0
        ],
        [
            1441.0,
            461.0,
            0.0,
            856.0,
            4144.0,
            3982.0,
            637.0,
            3253.0,
            3779.0,
            1569.0,
            3117.0,
            3480.0
        ],
        [
            914.0,
            609.0,
            856.0,
            0.0,
            3295.0,
            3158.0,
            225.0,
            2403.0,
            3027.0,
            1185.0,
            2338.0,
            2626.0
        ],
        [
            3244.0,
            3861.0,
            4144.0,
            3295.0,
            0.0,
            572.0,
            3519.0,
            892.0,
            1358.0,
            3476.0,
            1385.0,
            949.0
        ],
        [
            3268.0,
            3753.0,
            3982.0,
            3158.0,
            572.0,
            0.0,
            3382.0,
            891.0,
            789.0,
            3535.0,
            969.0,
            1268.0
        ],
        [
            970.0,
            405.0,
            637.0,
            225.0,
            3519.0,
            3382.0,
            0.0,
            2627.0,
            3238.0,
            1198.0,
            2554.0,
            2842.0
        ],
        [
            2400.0,
            2972.0,
            3253.0,
            2403.0,
            892.0,
            891.0,
            2627.0,
            0.0,
            1295.0,
            2655.0,
            856.0,
            619.0
        ],
        [
            3356.0,
            3636.0,
            3779.0,
            3027.0,
            1358.0,
            789.0,
            3238.0,
            1295.0,
            0.0,
            3657.0,
            708.0,
            1856.0
        ],
        [
            325.0,
            1110.0,
            1569.0,
            1185.0,
            3476.0,
            3535.0,
            1198.0,
            2655.0,
            3657.0,
            0.0,
            2953.0,
            2597.0
        ],
        [
            2649.0,
            2947.0,
            3117.0,
            2338.0,
            1385.0,
            969.0,
            2554.0,
            856.0,
            708.0,
            2953.0,
            0.0,
            1475.0
        ],
        [
            2399.0,
            3136.0,
            3480.0,
            2626.0,
            949.0,
            1268.0,
            2842.0,
            619.0,
            1856.0,
            2597.0,
            1475.0,
            0.0
        ]
    ],
    "description": {
        "instance_id": "TSP138",
        "instance_type": "TSP",
        "original_instance_name": "kroB100",
        "original_instance_file": "TSP138_12_kroB100.orig.json",
        "contents": "Distance matrix D.",
        "comment": "Distances for GEO edge type are recalculated from coordinates."
    }
}