{
    "D": [
        [
            0.0,
            32.0,
            55.0,
            37.0,
            74.0,
            72.0,
            84.0,
            125.0,
            126.0,
            124.0
        ],
        [
            32.0,
            0.0,
            40.0,
            58.0,
            83.0,
            43.0,
            107.0,
            156.0,
            129.0,
            95.0
        ],
        [
            55.0,
            40.0,
            0.0,
            55.0,
            56.0,
            37.0,
            139.0,
            164.0,
            169.0,
            115.0
        ],
        [
            37.0,
            58.0,
            55.0,
            0.0,
            42.0,
            87.0,
            104.0,
            109.0,
            160.0,
            153.0
        ],
        [
            74.0,
            83.0,
            56.0,
            42.0,
            0.0,
            93.0,
            146.0,
            132.0,
            200.0,
            171.0
        ],
        [
            72.0,
            43.0,
            37.0,
            87.0,
            93.0,
            0.0,
            149.0,
            194.0,
            160.0,
            80.0
        ],
        [
            84.0,
            107.0,
            139.0,
            104.0,
            146.0,
            149.0,
            0.0,
            104.0,
            85.0,
            170.0
        ],
        [
            125.0,
            156.0,
            164.0,
            109.0,
            132.0,
            194.0,
            104.0,
            0.0,
            190.0,
            246.0
        ],
        [
            126.0,
            129.0,
            169.0,
            160.0,
            200.0,
            160.0,
            85.0,
            190.0,
            0.0,
            137.0
        ],
        [
            124.0,
            95.0,
            115.0,
            153.0,
            171.0,
            80.0,
            170.0,
            246.0,
            137.0,
            0.0
        ]
    ],
    "description": {
        "instance_id": "TSP19",
        "instance_type": "TSP",
        "original_instance_name": "swiss42",
        "original_instance_file": "TSP19_10_swiss42.orig.json",
        "contents": "Distance matrix D.",
        "comment": "Distances for GEO edge type are recalculated from coordinates."
    }
}