{
    "D": [
        [
            0.0,
            2166.0,
            1357.0,
            361.0,
            2395.0,
            715.0,
            2303.0,
            2167.0,
            745.0,
            3220.0,
            1010.0,
            3488.0,
            2390.0,
            1458.0
        ],
        [
            2166.0,
            0.0,
            1987.0,
            1930.0,
            243.0,
            1653.0,
            192.0,
            25.0,
            2220.0,
            1943.0,
            2626.0,
            1786.0,
            1660.0,
            2375.0
        ],
        [
            1357.0,
            1987.0,
            0.0,
            1021.0,
            2125.0,
            788.0,
            2016.0,
            1973.0,
            709.0,
            2118.0,
            904.0,
            2573.0,
            1232.0,
            389.0
        ],
        [
            361.0,
            1930.0,
            1021.0,
            0.0,
            2148.0,
            361.0,
            2049.0,
            1928.0,
            516.0,
            2864.0,
            888.0,
            3152.0,
            2029.0,
            1176.0
        ],
        [
            2395.0,
            243.0,
            2125.0,
            2148.0,
            0.0,
            1856.0,
            109.0,
            235.0,
            2412.0,
            1820.0,
            2811.0,
            1595.0,
            1652.0,
            2514.0
        ],
        [
            715.0,
            1653.0,
            788.0,
            361.0,
            1856.0,
            0.0,
            1753.0,
            1648.0,
            586.0,
            2505.0,
            1002.0,
            2793.0,
            1679.0,
            1045.0
        ],
        [
            2303.0,
            192.0,
            2016.0,
            2049.0,
            109.0,
            1753.0,
            0.0,
            174.0,
            2306.0,
            1780.0,
            2704.0,
            1597.0,
            1567.0,
            2405.0
        ],
        [
            2167.0,
            25.0,
            1973.0,
            1928.0,
            235.0,
            1648.0,
            174.0,
            0.0,
            2213.0,
            1918.0,
            2618.0,
            1764.0,
            1637.0,
            2361.0
        ],
        [
            745.0,
            2220.0,
            709.0,
            516.0,
            2412.0,
            586.0,
            2306.0,
            2213.0,
            0.0,
            2781.0,
            417.0,
            3172.0,
            1902.0,
            720.0
        ],
        [
            3220.0,
            1943.0,
            2118.0,
            2864.0,
            1820.0,
            2505.0,
            1780.0,
            1918.0,
            2781.0,
            0.0,
            3022.0,
            685.0,
            886.0,
            2378.0
        ],
        [
            1010.0,
            2626.0,
            904.0,
            888.0,
            2811.0,
            1002.0,
            2704.0,
            2618.0,
            417.0,
            3022.0,
            0.0,
            3468.0,
            2136.0,
            714.0
        ],
        [
            3488.0,
            1786.0,
            2573.0,
            3152.0,
            1595.0,
            2793.0,
            1597.0,
            1764.0,
            3172.0,
            685.0,
            3468.0,
            0.0,
            1397.0,
            2885.0
        ],
        [
            2390.0,
            1660.0,
            1232.0,
            2029.0,
            1652.0,
            1679.0,
            1567.0,
            1637.0,
            1902.0,
            886.0,
            2136.0,
            1397.0,
            0.0,
            1504.0
        ],
        [
            1458.0,
            2375.0,
            389.0,
            1176.0,
            2514.0,
            1045.0,
            2405.0,
            2361.0,
            720.0,
            2378.0,
            714.0,
            2885.0,
            1504.0,
            0.0
        ]
    ],
    "description": {
        "instance_id": "TSP166",
        "instance_type": "TSP",
        "original_instance_name": "kroC100",
        "original_instance_file": "TSP166_14_kroC100.orig.json",
        "contents": "Distance matrix D.",
        "comment": "Distances for GEO edge type are recalculated from coordinates."
    }
}