{
    "D": [
        [
            0.0,
            3442.0,
            625.0,
            1101.0,
            2675.0,
            1336.0,
            1763.0,
            2131.0,
            2133.0,
            554.0,
            3704.0,
            2216.0,
            644.0,
            3701.0
        ],
        [
            3442.0,
            0.0,
            3623.0,
            3411.0,
            1047.0,
            3223.0,
            1679.0,
            1648.0,
            1451.0,
            3763.0,
            268.0,
            1255.0,
            3577.0,
            268.0
        ],
        [
            625.0,
            3623.0,
            0.0,
            578.0,
            2730.0,
            877.0,
            1978.0,
            2528.0,
            2464.0,
            215.0,
            3874.0,
            2476.0,
            58.0,
            3890.0
        ],
        [
            1101.0,
            3411.0,
            578.0,
            0.0,
            2438.0,
            313.0,
            1875.0,
            2570.0,
            2441.0,
            788.0,
            3646.0,
            2382.0,
            526.0,
            3679.0
        ],
        [
            2675.0,
            1047.0,
            2730.0,
            2438.0,
            0.0,
            2220.0,
            1025.0,
            1526.0,
            1230.0,
            2897.0,
            1242.0,
            927.0,
            2680.0,
            1300.0
        ],
        [
            1336.0,
            3223.0,
            877.0,
            313.0,
            2220.0,
            0.0,
            1773.0,
            2527.0,
            2366.0,
            1090.0,
            3448.0,
            2270.0,
            822.0,
            3489.0
        ],
        [
            1763.0,
            1679.0,
            1978.0,
            1875.0,
            1025.0,
            1773.0,
            0.0,
            838.0,
            610.0,
            2101.0,
            1942.0,
            508.0,
            1937.0,
            1941.0
        ],
        [
            2131.0,
            1648.0,
            2528.0,
            2570.0,
            1526.0,
            2527.0,
            838.0,
            0.0,
            297.0,
            2596.0,
            1905.0,
            599.0,
            2501.0,
            1853.0
        ],
        [
            2133.0,
            1451.0,
            2464.0,
            2441.0,
            1230.0,
            2366.0,
            610.0,
            297.0,
            0.0,
            2555.0,
            1716.0,
            303.0,
            2431.0,
            1678.0
        ],
        [
            554.0,
            3763.0,
            215.0,
            788.0,
            2897.0,
            1090.0,
            2101.0,
            2596.0,
            2555.0,
            0.0,
            4018.0,
            2590.0,
            272.0,
            4029.0
        ],
        [
            3704.0,
            268.0,
            3874.0,
            3646.0,
            1242.0,
            3448.0,
            1942.0,
            1905.0,
            1716.0,
            4018.0,
            0.0,
            1522.0,
            3828.0,
            121.0
        ],
        [
            2216.0,
            1255.0,
            2476.0,
            2382.0,
            927.0,
            2270.0,
            508.0,
            599.0,
            303.0,
            2590.0,
            1522.0,
            0.0,
            2438.0,
            1502.0
        ],
        [
            644.0,
            3577.0,
            58.0,
            526.0,
            2680.0,
            822.0,
            1937.0,
            2501.0,
            2431.0,
            272.0,
            3828.0,
            2438.0,
            0.0,
            3845.0
        ],
        [
            3701.0,
            268.0,
            3890.0,
            3679.0,
            1300.0,
            3489.0,
            1941.0,
            1853.0,
            1678.0,
            4029.0,
            121.0,
            1502.0,
            3845.0,
            0.0
        ]
    ],
    "description": {
        "instance_id": "TSP101",
        "instance_type": "TSP",
        "original_instance_name": "kroA100",
        "original_instance_file": "TSP101_14_kroA100.orig.json",
        "contents": "Distance matrix D.",
        "comment": "Distances for GEO edge type are recalculated from coordinates."
    }
}