{
    "D": [
        [
            0.0,
            697.0,
            426.0,
            456.0,
            907.0,
            1592.0,
            882.0,
            781.0
        ],
        [
            697.0,
            0.0,
            435.0,
            913.0,
            731.0,
            1906.0,
            1430.0,
            138.0
        ],
        [
            426.0,
            435.0,
            0.0,
            483.0,
            511.0,
            1499.0,
            999.0,
            567.0
        ],
        [
            456.0,
            913.0,
            483.0,
            0.0,
            708.0,
            1137.0,
            516.0,
            1038.0
        ],
        [
            907.0,
            731.0,
            511.0,
            708.0,
            0.0,
            1280.0,
            1110.0,
            861.0
        ],
        [
            1592.0,
            1906.0,
            1499.0,
            1137.0,
            1280.0,
            0.0,
            849.0,
            2044.0
        ],
        [
            882.0,
            1430.0,
            999.0,
            516.0,
            1110.0,
            849.0,
            0.0,
            1553.0
        ],
        [
            781.0,
            138.0,
            567.0,
            1038.0,
            861.0,
            2044.0,
            1553.0,
            0.0
        ]
    ],
    "description": {
        "instance_id": "TSP147",
        "instance_type": "TSP",
        "original_instance_name": "hk48",
        "original_instance_file": "TSP147_8_hk48.orig.json",
        "contents": "Distance matrix D.",
        "comment": "Distances for GEO edge type are recalculated from coordinates."
    }
}