{
    "D": [
        [
            0.0,
            12.0,
            25.0,
            41.0,
            57.0,
            18.0,
            25.0,
            51.0,
            13.0,
            15.0,
            21.0,
            27.0,
            39.0
        ],
        [
            12.0,
            0.0,
            30.0,
            45.0,
            48.0,
            7.0,
            37.0,
            41.0,
            13.0,
            22.0,
            32.0,
            18.0,
            30.0
        ],
        [
            25.0,
            30.0,
            0.0,
            63.0,
            78.0,
            37.0,
            24.0,
            50.0,
            17.0,
            10.0,
            36.0,
            48.0,
            60.0
        ],
        [
            41.0,
            45.0,
            63.0,
            0.0,
            55.0,
            45.0,
            49.0,
            85.0,
            54.0,
            53.0,
            30.0,
            41.0,
            45.0
        ],
        [
            57.0,
            48.0,
            78.0,
            55.0,
            0.0,
            41.0,
            81.0,
            62.0,
            61.0,
            70.0,
            67.0,
            30.0,
            18.0
        ],
        [
            18.0,
            7.0,
            37.0,
            45.0,
            41.0,
            0.0,
            44.0,
            40.0,
            20.0,
            29.0,
            36.0,
            12.0,
            23.0
        ],
        [
            25.0,
            37.0,
            24.0,
            49.0,
            81.0,
            44.0,
            0.0,
            70.0,
            30.0,
            20.0,
            19.0,
            51.0,
            63.0
        ],
        [
            51.0,
            41.0,
            50.0,
            85.0,
            62.0,
            40.0,
            70.0,
            0.0,
            40.0,
            50.0,
            72.0,
            47.0,
            51.0
        ],
        [
            13.0,
            13.0,
            17.0,
            54.0,
            61.0,
            20.0,
            30.0,
            40.0,
            0.0,
            11.0,
            33.0,
            31.0,
            43.0
        ],
        [
            15.0,
            22.0,
            10.0,
            53.0,
            70.0,
            29.0,
            20.0,
            50.0,
            11.0,
            0.0,
            27.0,
            40.0,
            52.0
        ],
        [
            21.0,
            32.0,
            36.0,
            30.0,
            67.0,
            36.0,
            19.0,
            72.0,
            33.0,
            27.0,
            0.0,
            40.0,
            51.0
        ],
        [
            27.0,
            18.0,
            48.0,
            41.0,
            30.0,
            12.0,
            51.0,
            47.0,
            31.0,
            40.0,
            40.0,
            0.0,
            12.0
        ],
        [
            39.0,
            30.0,
            60.0,
            45.0,
            18.0,
            23.0,
            63.0,
            51.0,
            43.0,
            52.0,
            51.0,
            12.0,
            0.0
        ]
    ],
    "description": {
        "instance_id": "TSP191",
        "instance_type": "TSP",
        "original_instance_name": "eil101",
        "original_instance_file": "TSP191_13_eil101.orig.json",
        "contents": "Distance matrix D.",
        "comment": "Distances for GEO edge type are recalculated from coordinates."
    }
}