{
    "D": [
        [
            0.0,
            1379.0,
            877.0,
            2875.0,
            1520.0,
            1783.0,
            961.0,
            2455.0,
            1650.0
        ],
        [
            1379.0,
            0.0,
            663.0,
            3105.0,
            671.0,
            1121.0,
            1970.0,
            2839.0,
            350.0
        ],
        [
            877.0,
            663.0,
            0.0,
            3266.0,
            647.0,
            1569.0,
            1706.0,
            2921.0,
            1007.0
        ],
        [
            2875.0,
            3105.0,
            3266.0,
            0.0,
            3729.0,
            2118.0,
            2069.0,
            478.0,
            2998.0
        ],
        [
            1520.0,
            671.0,
            647.0,
            3729.0,
            0.0,
            1792.0,
            2337.0,
            3429.0,
            950.0
        ],
        [
            1783.0,
            1121.0,
            1569.0,
            2118.0,
            1792.0,
            0.0,
            1786.0,
            1958.0,
            914.0
        ],
        [
            961.0,
            1970.0,
            1706.0,
            2069.0,
            2337.0,
            1786.0,
            0.0,
            1608.0,
            2115.0
        ],
        [
            2455.0,
            2839.0,
            2921.0,
            478.0,
            3429.0,
            1958.0,
            1608.0,
            0.0,
            2780.0
        ],
        [
            1650.0,
            350.0,
            1007.0,
            2998.0,
            950.0,
            914.0,
            2115.0,
            2780.0,
            0.0
        ]
    ],
    "description": {
        "instance_id": "TSP161",
        "instance_type": "TSP",
        "original_instance_name": "kroC100",
        "original_instance_file": "TSP161_9_kroC100.orig.json",
        "contents": "Distance matrix D.",
        "comment": "Distances for GEO edge type are recalculated from coordinates."
    }
}