{
    "D": [
        [
            0.0,
            200.0,
            1008.0,
            3100.0,
            2309.0,
            896.0,
            1453.0,
            4893.0,
            2410.0,
            4242.0,
            4620.0,
            5701.0,
            5441.0,
            2154.0,
            2262.0
        ],
        [
            200.0,
            0.0,
            810.0,
            2900.0,
            2122.0,
            992.0,
            1376.0,
            4699.0,
            2295.0,
            4060.0,
            4439.0,
            5515.0,
            5256.0,
            2195.0,
            2349.0
        ],
        [
            1008.0,
            810.0,
            0.0,
            2105.0,
            1343.0,
            1521.0,
            1226.0,
            3894.0,
            1855.0,
            3290.0,
            3672.0,
            4732.0,
            4474.0,
            2413.0,
            2723.0
        ],
        [
            3100.0,
            2900.0,
            2105.0,
            0.0,
            1223.0,
            3553.0,
            2785.0,
            2040.0,
            2554.0,
            1914.0,
            2239.0,
            3059.0,
            2829.0,
            4065.0,
            4518.0
        ],
        [
            2309.0,
            2122.0,
            1343.0,
            1223.0,
            0.0,
            2525.0,
            1613.0,
            2606.0,
            1359.0,
            1947.0,
            2329.0,
            3394.0,
            3135.0,
            2863.0,
            3339.0
        ],
        [
            896.0,
            992.0,
            1521.0,
            3553.0,
            2525.0,
            0.0,
            1107.0,
            5112.0,
            2110.0,
            4320.0,
            4681.0,
            5792.0,
            5532.0,
            1300.0,
            1366.0
        ],
        [
            1453.0,
            1376.0,
            1226.0,
            2785.0,
            1613.0,
            1107.0,
            0.0,
            4102.0,
            1015.0,
            3253.0,
            3605.0,
            4718.0,
            4459.0,
            1296.0,
            1733.0
        ],
        [
            4893.0,
            4699.0,
            3894.0,
            2040.0,
            2606.0,
            5112.0,
            4102.0,
            0.0,
            3384.0,
            1034.0,
            930.0,
            1076.0,
            901.0,
            5188.0,
            5721.0
        ],
        [
            2410.0,
            2295.0,
            1855.0,
            2554.0,
            1359.0,
            2110.0,
            1015.0,
            3384.0,
            0.0,
            2433.0,
            2750.0,
            3854.0,
            3601.0,
            1811.0,
            2355.0
        ],
        [
            4242.0,
            4060.0,
            3290.0,
            1914.0,
            1947.0,
            4320.0,
            3253.0,
            1034.0,
            2433.0,
            0.0,
            382.0,
            1474.0,
            1213.0,
            4244.0,
            4788.0
        ],
        [
            4620.0,
            4439.0,
            3672.0,
            2239.0,
            2329.0,
            4681.0,
            3605.0,
            930.0,
            2750.0,
            382.0,
            0.0,
            1114.0,
            856.0,
            4554.0,
            5102.0
        ],
        [
            5701.0,
            5515.0,
            4732.0,
            3059.0,
            3394.0,
            5792.0,
            4718.0,
            1076.0,
            3854.0,
            1474.0,
            1114.0,
            0.0,
            261.0,
            5650.0,
            6200.0
        ],
        [
            5441.0,
            5256.0,
            4474.0,
            2829.0,
            3135.0,
            5532.0,
            4459.0,
            901.0,
            3601.0,
            1213.0,
            856.0,
            261.0,
            0.0,
            5401.0,
            5950.0
        ],
        [
            2154.0,
            2195.0,
            2413.0,
            4065.0,
            2863.0,
            1300.0,
            1296.0,
            5188.0,
            1811.0,
            4244.0,
            4554.0,
            5650.0,
            5401.0,
            0.0,
            552.0
        ],
        [
            2262.0,
            2349.0,
            2723.0,
            4518.0,
            3339.0,
            1366.0,
            1733.0,
            5721.0,
            2355.0,
            4788.0,
            5102.0,
            6200.0,
            5950.0,
            552.0,
            0.0
        ]
    ],
    "description": {
        "instance_id": "TSP128",
        "instance_type": "TSP",
        "original_instance_name": "pr299",
        "original_instance_file": "TSP128_15_pr299.orig.json",
        "contents": "Distance matrix D.",
        "comment": "Distances for GEO edge type are recalculated from coordinates."
    }
}