{
    "D": [
        [
            0.0,
            14.0,
            252.0,
            225.0,
            272.0,
            293.0,
            238.0,
            266.0,
            305.0,
            389.0,
            408.0
        ],
        [
            14.0,
            0.0,
            239.0,
            211.0,
            258.0,
            280.0,
            226.0,
            253.0,
            293.0,
            375.0,
            394.0
        ],
        [
            252.0,
            239.0,
            0.0,
            116.0,
            100.0,
            81.0,
            202.0,
            173.0,
            253.0,
            202.0,
            228.0
        ],
        [
            225.0,
            211.0,
            116.0,
            0.0,
            53.0,
            89.0,
            86.0,
            64.0,
            141.0,
            164.0,
            184.0
        ],
        [
            272.0,
            258.0,
            100.0,
            53.0,
            0.0,
            40.0,
            123.0,
            81.0,
            159.0,
            122.0,
            145.0
        ],
        [
            293.0,
            280.0,
            81.0,
            89.0,
            40.0,
            0.0,
            163.0,
            120.0,
            196.0,
            122.0,
            147.0
        ],
        [
            238.0,
            226.0,
            202.0,
            86.0,
            123.0,
            163.0,
            0.0,
            51.0,
            70.0,
            187.0,
            197.0
        ],
        [
            266.0,
            253.0,
            173.0,
            64.0,
            81.0,
            120.0,
            51.0,
            0.0,
            80.0,
            138.0,
            151.0
        ],
        [
            305.0,
            293.0,
            253.0,
            141.0,
            159.0,
            196.0,
            70.0,
            80.0,
            0.0,
            173.0,
            174.0
        ],
        [
            389.0,
            375.0,
            202.0,
            164.0,
            122.0,
            122.0,
            187.0,
            138.0,
            173.0,
            0.0,
            26.0
        ],
        [
            408.0,
            394.0,
            228.0,
            184.0,
            145.0,
            147.0,
            197.0,
            151.0,
            174.0,
            26.0,
            0.0
        ]
    ],
    "description": {
        "instance_id": "TSP176",
        "instance_type": "TSP",
        "original_instance_name": "rat575",
        "original_instance_file": "TSP176_11_rat575.orig.json",
        "contents": "Distance matrix D.",
        "comment": "Distances for GEO edge type are recalculated from coordinates."
    }
}