{
    "D": [
        [
            0.0,
            11.0,
            54.0,
            94.0,
            89.0,
            84.0,
            92.0,
            190.0,
            11.0,
            29.0,
            89.0,
            147.0,
            101.0
        ],
        [
            11.0,
            0.0,
            58.0,
            92.0,
            78.0,
            76.0,
            91.0,
            190.0,
            19.0,
            35.0,
            97.0,
            156.0,
            95.0
        ],
        [
            54.0,
            58.0,
            0.0,
            149.0,
            126.0,
            80.0,
            49.0,
            242.0,
            63.0,
            79.0,
            50.0,
            109.0,
            153.0
        ],
        [
            94.0,
            92.0,
            149.0,
            0.0,
            91.0,
            150.0,
            182.0,
            102.0,
            87.0,
            73.0,
            176.0,
            229.0,
            38.0
        ],
        [
            89.0,
            78.0,
            126.0,
            91.0,
            0.0,
            80.0,
            135.0,
            186.0,
            92.0,
            97.0,
            173.0,
            232.0,
            62.0
        ],
        [
            84.0,
            76.0,
            80.0,
            150.0,
            80.0,
            0.0,
            63.0,
            252.0,
            95.0,
            111.0,
            130.0,
            186.0,
            135.0
        ],
        [
            92.0,
            91.0,
            49.0,
            182.0,
            135.0,
            63.0,
            0.0,
            281.0,
            103.0,
            121.0,
            85.0,
            133.0,
            178.0
        ],
        [
            190.0,
            190.0,
            242.0,
            102.0,
            186.0,
            252.0,
            281.0,
            0.0,
            180.0,
            163.0,
            259.0,
            302.0,
            124.0
        ],
        [
            11.0,
            19.0,
            63.0,
            87.0,
            92.0,
            95.0,
            103.0,
            180.0,
            0.0,
            18.0,
            92.0,
            149.0,
            97.0
        ],
        [
            29.0,
            35.0,
            79.0,
            73.0,
            97.0,
            111.0,
            121.0,
            163.0,
            18.0,
            0.0,
            103.0,
            157.0,
            90.0
        ],
        [
            89.0,
            97.0,
            50.0,
            176.0,
            173.0,
            130.0,
            85.0,
            259.0,
            92.0,
            103.0,
            0.0,
            60.0,
            190.0
        ],
        [
            147.0,
            156.0,
            109.0,
            229.0,
            232.0,
            186.0,
            133.0,
            302.0,
            149.0,
            157.0,
            60.0,
            0.0,
            246.0
        ],
        [
            101.0,
            95.0,
            153.0,
            38.0,
            62.0,
            135.0,
            178.0,
            124.0,
            97.0,
            90.0,
            190.0,
            246.0,
            0.0
        ]
    ],
    "description": {
        "instance_id": "TSP22",
        "instance_type": "TSP",
        "original_instance_name": "swiss42",
        "original_instance_file": "TSP22_13_swiss42.orig.json",
        "contents": "Distance matrix D.",
        "comment": "Distances for GEO edge type are recalculated from coordinates."
    }
}