{
    "D": [
        [
            0,
            1036,
            2543,
            4285,
            7686,
            9215,
            14189
        ],
        [
            1036,
            0,
            1591,
            3292,
            7047,
            9233,
            15046
        ],
        [
            2543,
            1591,
            0,
            1753,
            5616,
            8513,
            15499
        ],
        [
            4285,
            3292,
            1753,
            0,
            4588,
            8403,
            16089
        ],
        [
            7686,
            7047,
            5616,
            4588,
            0,
            4572,
            12059
        ],
        [
            9215,
            9233,
            8513,
            8403,
            4572,
            0,
            7759
        ],
        [
            14189,
            15046,
            15499,
            16089,
            12059,
            7759,
            0
        ]
    ],
    "description": {
        "instance_id": "TSP29",
        "instance_type": "TSP",
        "original_instance_name": "gr666",
        "original_instance_file": "TSP29_7_gr666.orig.json",
        "contents": "Distance matrix D.",
        "comment": "Distances for GEO edge type are recalculated from coordinates."
    }
}