{
    "D": [
        [
            0.0,
            15.0,
            55.0,
            92.0,
            67.0,
            131.0,
            206.0,
            112.0,
            43.0,
            103.0,
            129.0,
            124.0
        ],
        [
            15.0,
            0.0,
            40.0,
            93.0,
            69.0,
            131.0,
            212.0,
            106.0,
            51.0,
            118.0,
            132.0,
            122.0
        ],
        [
            55.0,
            40.0,
            0.0,
            96.0,
            95.0,
            129.0,
            224.0,
            90.0,
            75.0,
            158.0,
            156.0,
            115.0
        ],
        [
            92.0,
            93.0,
            96.0,
            0.0,
            159.0,
            39.0,
            129.0,
            46.0,
            55.0,
            159.0,
            221.0,
            35.0
        ],
        [
            67.0,
            69.0,
            95.0,
            159.0,
            0.0,
            199.0,
            269.0,
            175.0,
            109.0,
            107.0,
            63.0,
            191.0
        ],
        [
            131.0,
            131.0,
            129.0,
            39.0,
            199.0,
            0.0,
            106.0,
            53.0,
            94.0,
            192.0,
            260.0,
            19.0
        ],
        [
            206.0,
            212.0,
            224.0,
            129.0,
            269.0,
            106.0,
            0.0,
            158.0,
            163.0,
            218.0,
            323.0,
            124.0
        ],
        [
            112.0,
            106.0,
            90.0,
            46.0,
            175.0,
            53.0,
            158.0,
            0.0,
            88.0,
            197.0,
            238.0,
            34.0
        ],
        [
            43.0,
            51.0,
            75.0,
            55.0,
            109.0,
            94.0,
            163.0,
            88.0,
            0.0,
            109.0,
            168.0,
            90.0
        ],
        [
            103.0,
            118.0,
            158.0,
            159.0,
            107.0,
            192.0,
            218.0,
            197.0,
            109.0,
            0.0,
            127.0,
            194.0
        ],
        [
            129.0,
            132.0,
            156.0,
            221.0,
            63.0,
            260.0,
            323.0,
            238.0,
            168.0,
            127.0,
            0.0,
            253.0
        ],
        [
            124.0,
            122.0,
            115.0,
            35.0,
            191.0,
            19.0,
            124.0,
            34.0,
            90.0,
            194.0,
            253.0,
            0.0
        ]
    ],
    "description": {
        "instance_id": "TSP21",
        "instance_type": "TSP",
        "original_instance_name": "swiss42",
        "original_instance_file": "TSP21_12_swiss42.orig.json",
        "contents": "Distance matrix D.",
        "comment": "Distances for GEO edge type are recalculated from coordinates."
    }
}