{
    "D": [
        [
            0.0,
            57.0,
            36.0,
            84.0,
            76.0,
            98.0,
            99.0,
            100.0,
            101.0,
            4.0,
            43.0,
            45.0,
            45.0,
            115.0,
            93.0
        ],
        [
            57.0,
            0.0,
            23.0,
            123.0,
            62.0,
            95.0,
            137.0,
            156.0,
            129.0,
            59.0,
            96.0,
            103.0,
            91.0,
            158.0,
            139.0
        ],
        [
            36.0,
            23.0,
            0.0,
            111.0,
            69.0,
            85.0,
            115.0,
            136.0,
            122.0,
            37.0,
            78.0,
            81.0,
            68.0,
            136.0,
            116.0
        ],
        [
            84.0,
            123.0,
            111.0,
            0.0,
            88.0,
            181.0,
            159.0,
            65.0,
            27.0,
            87.0,
            50.0,
            68.0,
            112.0,
            166.0,
            142.0
        ],
        [
            76.0,
            62.0,
            69.0,
            88.0,
            0.0,
            153.0,
            174.0,
            142.0,
            82.0,
            79.0,
            89.0,
            106.0,
            121.0,
            191.0,
            168.0
        ],
        [
            98.0,
            95.0,
            85.0,
            181.0,
            153.0,
            0.0,
            83.0,
            180.0,
            199.0,
            95.0,
            135.0,
            125.0,
            80.0,
            107.0,
            100.0
        ],
        [
            99.0,
            137.0,
            115.0,
            159.0,
            174.0,
            83.0,
            0.0,
            128.0,
            184.0,
            95.0,
            110.0,
            91.0,
            54.0,
            24.0,
            23.0
        ],
        [
            100.0,
            156.0,
            136.0,
            65.0,
            142.0,
            180.0,
            128.0,
            0.0,
            91.0,
            100.0,
            60.0,
            57.0,
            99.0,
            126.0,
            106.0
        ],
        [
            101.0,
            129.0,
            122.0,
            27.0,
            82.0,
            199.0,
            184.0,
            91.0,
            0.0,
            104.0,
            74.0,
            94.0,
            134.0,
            192.0,
            168.0
        ],
        [
            4.0,
            59.0,
            37.0,
            87.0,
            79.0,
            95.0,
            95.0,
            100.0,
            104.0,
            0.0,
            44.0,
            45.0,
            42.0,
            112.0,
            89.0
        ],
        [
            43.0,
            96.0,
            78.0,
            50.0,
            89.0,
            135.0,
            110.0,
            60.0,
            74.0,
            44.0,
            0.0,
            21.0,
            62.0,
            119.0,
            96.0
        ],
        [
            45.0,
            103.0,
            81.0,
            68.0,
            106.0,
            125.0,
            91.0,
            57.0,
            94.0,
            45.0,
            21.0,
            0.0,
            46.0,
            98.0,
            75.0
        ],
        [
            45.0,
            91.0,
            68.0,
            112.0,
            121.0,
            80.0,
            54.0,
            99.0,
            134.0,
            42.0,
            62.0,
            46.0,
            0.0,
            71.0,
            49.0
        ],
        [
            115.0,
            158.0,
            136.0,
            166.0,
            191.0,
            107.0,
            24.0,
            126.0,
            192.0,
            112.0,
            119.0,
            98.0,
            71.0,
            0.0,
            24.0
        ],
        [
            93.0,
            139.0,
            116.0,
            142.0,
            168.0,
            100.0,
            23.0,
            106.0,
            168.0,
            89.0,
            96.0,
            75.0,
            49.0,
            24.0,
            0.0
        ]
    ],
    "description": {
        "instance_id": "TSP24",
        "instance_type": "TSP",
        "original_instance_name": "swiss42",
        "original_instance_file": "TSP24_15_swiss42.orig.json",
        "contents": "Distance matrix D.",
        "comment": "Distances for GEO edge type are recalculated from coordinates."
    }
}