{
    "D": [
        [
            0,
            8289,
            3069,
            8902,
            8833,
            10099
        ],
        [
            8289,
            0,
            5223,
            3302,
            861,
            1940
        ],
        [
            3069,
            5223,
            0,
            6249,
            5774,
            7066
        ],
        [
            8902,
            3302,
            6249,
            0,
            2603,
            4193
        ],
        [
            8833,
            861,
            5774,
            2603,
            0,
            1876
        ],
        [
            10099,
            1940,
            7066,
            4193,
            1876,
            0
        ]
    ],
    "description": {
        "instance_id": "TSP28",
        "instance_type": "TSP",
        "original_instance_name": "gr666",
        "original_instance_file": "TSP28_6_gr666.orig.json",
        "contents": "Distance matrix D.",
        "comment": "Distances for GEO edge type are recalculated from coordinates."
    }
}