{
    "D": [
        [
            0.0,
            9630.0,
            7687.0,
            8422.0,
            8867.0,
            9227.0
        ],
        [
            9630.0,
            0.0,
            6600.0,
            2807.0,
            2668.0,
            1020.0
        ],
        [
            7687.0,
            6600.0,
            0.0,
            3805.0,
            4045.0,
            5604.0
        ],
        [
            8422.0,
            2807.0,
            3805.0,
            0.0,
            447.0,
            1800.0
        ],
        [
            8867.0,
            2668.0,
            4045.0,
            447.0,
            0.0,
            1649.0
        ],
        [
            9227.0,
            1020.0,
            5604.0,
            1800.0,
            1649.0,
            0.0
        ]
    ],
    "description": {
        "instance_id": "TSP2",
        "instance_type": "TSP",
        "original_instance_name": "pr107",
        "original_instance_file": "TSP2_6_pr107.orig.json",
        "contents": "Distance matrix D.",
        "comment": "Distances for GEO edge type are recalculated from coordinates."
    }
}