{
    "D": [
        [
            0.0,
            28.0,
            122.0,
            148.0,
            159.0,
            67.0,
            80.0,
            39.0,
            46.0,
            40.0,
            157.0,
            159.0,
            72.0,
            35.0
        ],
        [
            28.0,
            0.0,
            150.0,
            174.0,
            181.0,
            95.0,
            65.0,
            27.0,
            65.0,
            50.0,
            176.0,
            184.0,
            46.0,
            38.0
        ],
        [
            122.0,
            150.0,
            0.0,
            59.0,
            116.0,
            56.0,
            189.0,
            151.0,
            104.0,
            130.0,
            130.0,
            90.0,
            193.0,
            135.0
        ],
        [
            148.0,
            174.0,
            59.0,
            0.0,
            63.0,
            93.0,
            195.0,
            184.0,
            146.0,
            138.0,
            81.0,
            32.0,
            209.0,
            171.0
        ],
        [
            159.0,
            181.0,
            116.0,
            63.0,
            0.0,
            127.0,
            180.0,
            199.0,
            175.0,
            135.0,
            21.0,
            33.0,
            205.0,
            191.0
        ],
        [
            67.0,
            95.0,
            56.0,
            93.0,
            127.0,
            0.0,
            139.0,
            96.0,
            53.0,
            81.0,
            134.0,
            115.0,
            138.0,
            80.0
        ],
        [
            80.0,
            65.0,
            189.0,
            195.0,
            180.0,
            139.0,
            0.0,
            91.0,
            126.0,
            60.0,
            167.0,
            194.0,
            39.0,
            103.0
        ],
        [
            39.0,
            27.0,
            151.0,
            184.0,
            199.0,
            96.0,
            91.0,
            0.0,
            53.0,
            74.0,
            196.0,
            197.0,
            64.0,
            19.0
        ],
        [
            46.0,
            65.0,
            104.0,
            146.0,
            175.0,
            53.0,
            126.0,
            53.0,
            0.0,
            83.0,
            178.0,
            166.0,
            111.0,
            34.0
        ],
        [
            40.0,
            50.0,
            130.0,
            138.0,
            135.0,
            81.0,
            60.0,
            74.0,
            83.0,
            0.0,
            128.0,
            142.0,
            72.0,
            74.0
        ],
        [
            157.0,
            176.0,
            130.0,
            81.0,
            21.0,
            134.0,
            167.0,
            196.0,
            178.0,
            128.0,
            0.0,
            54.0,
            195.0,
            190.0
        ],
        [
            159.0,
            184.0,
            90.0,
            32.0,
            33.0,
            115.0,
            194.0,
            197.0,
            166.0,
            142.0,
            54.0,
            0.0,
            214.0,
            187.0
        ],
        [
            72.0,
            46.0,
            193.0,
            209.0,
            205.0,
            138.0,
            39.0,
            64.0,
            111.0,
            72.0,
            195.0,
            214.0,
            0.0,
            80.0
        ],
        [
            35.0,
            38.0,
            135.0,
            171.0,
            191.0,
            80.0,
            103.0,
            19.0,
            34.0,
            74.0,
            190.0,
            187.0,
            80.0,
            0.0
        ]
    ],
    "description": {
        "instance_id": "TSP23",
        "instance_type": "TSP",
        "original_instance_name": "swiss42",
        "original_instance_file": "TSP23_14_swiss42.orig.json",
        "contents": "Distance matrix D.",
        "comment": "Distances for GEO edge type are recalculated from coordinates."
    }
}