{
    "D": [
        [
            0.0,
            89.0,
            92.0,
            54.0,
            99.0,
            141.0,
            111.0,
            89.0,
            96.0,
            90.0,
            163.0
        ],
        [
            89.0,
            0.0,
            135.0,
            39.0,
            187.0,
            136.0,
            148.0,
            28.0,
            181.0,
            153.0,
            143.0
        ],
        [
            92.0,
            135.0,
            0.0,
            100.0,
            140.0,
            232.0,
            203.0,
            153.0,
            152.0,
            33.0,
            251.0
        ],
        [
            54.0,
            39.0,
            100.0,
            0.0,
            153.0,
            145.0,
            139.0,
            53.0,
            149.0,
            115.0,
            159.0
        ],
        [
            99.0,
            187.0,
            140.0,
            153.0,
            0.0,
            188.0,
            128.0,
            183.0,
            23.0,
            113.0,
            217.0
        ],
        [
            141.0,
            136.0,
            232.0,
            145.0,
            188.0,
            0.0,
            65.0,
            109.0,
            168.0,
            231.0,
            30.0
        ],
        [
            111.0,
            148.0,
            203.0,
            139.0,
            128.0,
            65.0,
            0.0,
            126.0,
            106.0,
            194.0,
            94.0
        ],
        [
            89.0,
            28.0,
            153.0,
            53.0,
            183.0,
            109.0,
            126.0,
            0.0,
            173.0,
            166.0,
            115.0
        ],
        [
            96.0,
            181.0,
            152.0,
            149.0,
            23.0,
            168.0,
            106.0,
            173.0,
            0.0,
            127.0,
            197.0
        ],
        [
            90.0,
            153.0,
            33.0,
            115.0,
            113.0,
            231.0,
            194.0,
            166.0,
            127.0,
            0.0,
            253.0
        ],
        [
            163.0,
            143.0,
            251.0,
            159.0,
            217.0,
            30.0,
            94.0,
            115.0,
            197.0,
            253.0,
            0.0
        ]
    ],
    "description": {
        "instance_id": "TSP20",
        "instance_type": "TSP",
        "original_instance_name": "swiss42",
        "original_instance_file": "TSP20_11_swiss42.orig.json",
        "contents": "Distance matrix D.",
        "comment": "Distances for GEO edge type are recalculated from coordinates."
    }
}