{
    "D": [
        [
            0.0,
            34.0,
            19.0,
            32.0,
            93.0,
            117.0,
            88.0,
            67.0,
            71.0,
            96.0,
            164.0,
            131.0,
            212.0,
            132.0,
            139.0,
            186.0
        ],
        [
            34.0,
            0.0,
            36.0,
            65.0,
            62.0,
            84.0,
            64.0,
            100.0,
            104.0,
            99.0,
            130.0,
            101.0,
            179.0,
            152.0,
            112.0,
            153.0
        ],
        [
            19.0,
            36.0,
            0.0,
            45.0,
            85.0,
            111.0,
            75.0,
            70.0,
            71.0,
            115.0,
            161.0,
            122.0,
            210.0,
            150.0,
            148.0,
            180.0
        ],
        [
            32.0,
            65.0,
            45.0,
            0.0,
            124.0,
            149.0,
            118.0,
            42.0,
            49.0,
            94.0,
            195.0,
            163.0,
            242.0,
            109.0,
            160.0,
            218.0
        ],
        [
            93.0,
            62.0,
            85.0,
            124.0,
            0.0,
            28.0,
            29.0,
            155.0,
            156.0,
            148.0,
            78.0,
            39.0,
            129.0,
            212.0,
            110.0,
            95.0
        ],
        [
            117.0,
            84.0,
            111.0,
            149.0,
            28.0,
            0.0,
            54.0,
            181.0,
            182.0,
            159.0,
            50.0,
            27.0,
            102.0,
            229.0,
            99.0,
            69.0
        ],
        [
            88.0,
            64.0,
            75.0,
            118.0,
            29.0,
            54.0,
            0.0,
            142.0,
            141.0,
            161.0,
            103.0,
            52.0,
            154.0,
            216.0,
            137.0,
            115.0
        ],
        [
            67.0,
            100.0,
            70.0,
            42.0,
            155.0,
            181.0,
            142.0,
            0.0,
            11.0,
            130.0,
            230.0,
            192.0,
            279.0,
            122.0,
            202.0,
            250.0
        ],
        [
            71.0,
            104.0,
            71.0,
            49.0,
            156.0,
            182.0,
            141.0,
            11.0,
            0.0,
            140.0,
            232.0,
            192.0,
            281.0,
            133.0,
            208.0,
            251.0
        ],
        [
            96.0,
            99.0,
            115.0,
            94.0,
            148.0,
            159.0,
            161.0,
            130.0,
            140.0,
            0.0,
            188.0,
            184.0,
            222.0,
            81.0,
            108.0,
            217.0
        ],
        [
            164.0,
            130.0,
            161.0,
            195.0,
            78.0,
            50.0,
            103.0,
            230.0,
            232.0,
            188.0,
            0.0,
            57.0,
            51.0,
            264.0,
            100.0,
            30.0
        ],
        [
            131.0,
            101.0,
            122.0,
            163.0,
            39.0,
            27.0,
            52.0,
            192.0,
            192.0,
            184.0,
            57.0,
            0.0,
            106.0,
            251.0,
            126.0,
            64.0
        ],
        [
            212.0,
            179.0,
            210.0,
            242.0,
            129.0,
            102.0,
            154.0,
            279.0,
            281.0,
            222.0,
            51.0,
            106.0,
            0.0,
            302.0,
            120.0,
            49.0
        ],
        [
            132.0,
            152.0,
            150.0,
            109.0,
            212.0,
            229.0,
            216.0,
            122.0,
            133.0,
            81.0,
            264.0,
            251.0,
            302.0,
            0.0,
            190.0,
            292.0
        ],
        [
            139.0,
            112.0,
            148.0,
            160.0,
            110.0,
            99.0,
            137.0,
            202.0,
            208.0,
            108.0,
            100.0,
            126.0,
            120.0,
            190.0,
            0.0,
            129.0
        ],
        [
            186.0,
            153.0,
            180.0,
            218.0,
            95.0,
            69.0,
            115.0,
            250.0,
            251.0,
            217.0,
            30.0,
            64.0,
            49.0,
            292.0,
            129.0,
            0.0
        ]
    ],
    "description": {
        "instance_id": "TSP25",
        "instance_type": "TSP",
        "original_instance_name": "swiss42",
        "original_instance_file": "TSP25_16_swiss42.orig.json",
        "contents": "Distance matrix D.",
        "comment": "Distances for GEO edge type are recalculated from coordinates."
    }
}