{
    "D": [
        [
            0,
            506,
            5254,
            8151,
            9557,
            6705,
            5655,
            6432,
            9172,
            9590,
            10092,
            12513,
            12402
        ],
        [
            506,
            0,
            5079,
            7645,
            9055,
            6237,
            5283,
            6032,
            8773,
            9171,
            9724,
            12332,
            12528
        ],
        [
            5254,
            5079,
            0,
            6687,
            8463,
            7817,
            8454,
            8699,
            10689,
            10687,
            11770,
            15532,
            17573
        ],
        [
            8151,
            7645,
            6687,
            0,
            1800,
            2965,
            4982,
            4383,
            4572,
            4326,
            5462,
            9085,
            12570
        ],
        [
            9557,
            9055,
            8463,
            1800,
            0,
            3268,
            5217,
            4410,
            3427,
            3006,
            4067,
            7446,
            11044
        ],
        [
            6705,
            6237,
            7817,
            2965,
            3268,
            0,
            2047,
            1430,
            2960,
            3147,
            4063,
            7739,
            10565
        ],
        [
            5655,
            5283,
            8454,
            4982,
            5217,
            2047,
            0,
            877,
            3535,
            4003,
            4441,
            7475,
            9471
        ],
        [
            6432,
            6032,
            8699,
            4383,
            4410,
            1430,
            877,
            0,
            2742,
            3171,
            3722,
            7027,
            9417
        ],
        [
            9172,
            8773,
            10689,
            4572,
            3427,
            2960,
            3535,
            2742,
            0,
            584,
            1104,
            4843,
            8047
        ],
        [
            9590,
            9171,
            10687,
            4326,
            3006,
            3147,
            4003,
            3171,
            584,
            0,
            1138,
            4873,
            8246
        ],
        [
            10092,
            9724,
            11770,
            5462,
            4067,
            4063,
            4441,
            3722,
            1104,
            1138,
            0,
            3768,
            7108
        ],
        [
            12513,
            12332,
            15532,
            9085,
            7446,
            7739,
            7475,
            7027,
            4843,
            4873,
            3768,
            0,
            3646
        ],
        [
            12402,
            12528,
            17573,
            12570,
            11044,
            10565,
            9471,
            9417,
            8047,
            8246,
            7108,
            3646,
            0
        ]
    ],
    "description": {
        "instance_id": "TSP35",
        "instance_type": "TSP",
        "original_instance_name": "gr666",
        "original_instance_file": "TSP35_13_gr666.orig.json",
        "contents": "Distance matrix D.",
        "comment": "Distances for GEO edge type are recalculated from coordinates."
    }
}