{
    "D": [
        [
            0,
            4337,
            3407,
            10735,
            9465,
            10332,
            10520,
            11071,
            11307,
            14416,
            13183
        ],
        [
            4337,
            0,
            2847,
            7859,
            5528,
            8582,
            9118,
            10119,
            10755,
            11995,
            14950
        ],
        [
            3407,
            2847,
            0,
            10702,
            8179,
            11340,
            11820,
            12746,
            13289,
            14822,
            16505
        ],
        [
            10735,
            7859,
            10702,
            0,
            3115,
            1987,
            2597,
            3513,
            4249,
            4150,
            8552
        ],
        [
            9465,
            5528,
            8179,
            3115,
            0,
            4875,
            5545,
            6559,
            7314,
            6745,
            11658
        ],
        [
            10332,
            8582,
            11340,
            1987,
            4875,
            0,
            673,
            1735,
            2493,
            4087,
            7043
        ],
        [
            10520,
            9118,
            11820,
            2597,
            5545,
            673,
            0,
            1077,
            1828,
            3918,
            6392
        ],
        [
            11071,
            10119,
            12746,
            3513,
            6559,
            1735,
            1077,
            0,
            760,
            3569,
            5315
        ],
        [
            11307,
            10755,
            13289,
            4249,
            7314,
            2493,
            1828,
            760,
            0,
            3637,
            4572
        ],
        [
            14416,
            11995,
            14822,
            4150,
            6745,
            4087,
            3918,
            3569,
            3637,
            0,
            5508
        ],
        [
            13183,
            14950,
            16505,
            8552,
            11658,
            7043,
            6392,
            5315,
            4572,
            5508,
            0
        ]
    ],
    "description": {
        "instance_id": "TSP33",
        "instance_type": "TSP",
        "original_instance_name": "gr666",
        "original_instance_file": "TSP33_11_gr666.orig.json",
        "contents": "Distance matrix D.",
        "comment": "Distances for GEO edge type are recalculated from coordinates."
    }
}