{
    "D": [
        [
            0.0,
            3423.0,
            4100.0,
            7777.0,
            8292.0,
            8679.0,
            9103.0
        ],
        [
            3423.0,
            0.0,
            806.0,
            7521.0,
            7253.0,
            7284.0,
            7697.0
        ],
        [
            4100.0,
            806.0,
            0.0,
            8112.0,
            7703.0,
            7650.0,
            8051.0
        ],
        [
            7777.0,
            7521.0,
            8112.0,
            0.0,
            1800.0,
            2700.0,
            2878.0
        ],
        [
            8292.0,
            7253.0,
            7703.0,
            1800.0,
            0.0,
            900.0,
            1124.0
        ],
        [
            8679.0,
            7284.0,
            7650.0,
            2700.0,
            900.0,
            0.0,
            427.0
        ],
        [
            9103.0,
            7697.0,
            8051.0,
            2878.0,
            1124.0,
            427.0,
            0.0
        ]
    ],
    "description": {
        "instance_id": "TSP3",
        "instance_type": "TSP",
        "original_instance_name": "pr107",
        "original_instance_file": "TSP3_7_pr107.orig.json",
        "contents": "Distance matrix D.",
        "comment": "Distances for GEO edge type are recalculated from coordinates."
    }
}