{
    "D": [
        [
            0,
            1608,
            1458,
            16022,
            8552,
            8663,
            8856,
            9612,
            13284,
            14041,
            13021,
            14686
        ],
        [
            1608,
            0,
            1340,
            14708,
            6945,
            7060,
            7255,
            8238,
            12135,
            13216,
            11987,
            15359
        ],
        [
            1458,
            1340,
            0,
            14587,
            7656,
            7888,
            8086,
            9441,
            13414,
            14553,
            13300,
            16130
        ],
        [
            16022,
            14708,
            14587,
            0,
            8330,
            8483,
            8328,
            9121,
            7225,
            7613,
            7777,
            9178
        ],
        [
            8552,
            6945,
            7656,
            8330,
            0,
            639,
            742,
            3686,
            7008,
            8713,
            7325,
            13639
        ],
        [
            8663,
            7060,
            7888,
            8483,
            639,
            0,
            198,
            3049,
            6482,
            8177,
            6768,
            13095
        ],
        [
            8856,
            7255,
            8086,
            8328,
            742,
            198,
            0,
            2957,
            6312,
            8010,
            6608,
            12932
        ],
        [
            9612,
            8238,
            9441,
            9121,
            3686,
            3049,
            2957,
            0,
            4052,
            5570,
            4127,
            10298
        ],
        [
            13284,
            12135,
            13414,
            7225,
            7008,
            6482,
            6312,
            4052,
            0,
            1711,
            609,
            6633
        ],
        [
            14041,
            13216,
            14553,
            7613,
            8713,
            8177,
            8010,
            5570,
            1711,
            0,
            1446,
            4926
        ],
        [
            13021,
            11987,
            13300,
            7777,
            7325,
            6768,
            6608,
            4127,
            609,
            1446,
            0,
            6327
        ],
        [
            14686,
            15359,
            16130,
            9178,
            13639,
            13095,
            12932,
            10298,
            6633,
            4926,
            6327,
            0
        ]
    ],
    "description": {
        "instance_id": "TSP34",
        "instance_type": "TSP",
        "original_instance_name": "gr666",
        "original_instance_file": "TSP34_12_gr666.orig.json",
        "contents": "Distance matrix D.",
        "comment": "Distances for GEO edge type are recalculated from coordinates."
    }
}