{
    "D": [
        [
            0,
            8114,
            8855,
            10443,
            2618,
            4244,
            4367,
            6039,
            7055,
            8626,
            8449,
            9483,
            11947,
            14600,
            16098
        ],
        [
            8114,
            0,
            1057,
            8784,
            10624,
            11193,
            10916,
            12377,
            14040,
            15641,
            12920,
            15754,
            16446,
            17015,
            15383
        ],
        [
            8855,
            1057,
            0,
            7936,
            11250,
            11485,
            11143,
            12423,
            14107,
            15542,
            12510,
            15390,
            15569,
            16024,
            14881
        ],
        [
            10443,
            8784,
            7936,
            0,
            10213,
            8210,
            7726,
            7313,
            8273,
            8628,
            5479,
            7925,
            7664,
            9642,
            11816
        ],
        [
            2618,
            10624,
            11250,
            10213,
            0,
            2250,
            2630,
            3910,
            4560,
            6047,
            6511,
            6960,
            9430,
            11985,
            13891
        ],
        [
            4244,
            11193,
            11485,
            8210,
            2250,
            0,
            509,
            1797,
            3015,
            4701,
            4321,
            5384,
            7787,
            10798,
            13421
        ],
        [
            4367,
            10916,
            11143,
            7726,
            2630,
            509,
            0,
            1738,
            3182,
            4869,
            4099,
            5462,
            7801,
            10903,
            13645
        ],
        [
            6039,
            12377,
            12423,
            7313,
            3910,
            1797,
            1738,
            0,
            1684,
            3282,
            2608,
            3755,
            6063,
            9192,
            12031
        ],
        [
            7055,
            14040,
            14107,
            8273,
            4560,
            3015,
            3182,
            1684,
            0,
            1690,
            2867,
            2429,
            4894,
            7786,
            10464
        ],
        [
            8626,
            15641,
            15542,
            8628,
            6047,
            4701,
            4869,
            3282,
            1690,
            0,
            3260,
            1053,
            3416,
            6114,
            8781
        ],
        [
            8449,
            12920,
            12510,
            5479,
            6511,
            4321,
            4099,
            2608,
            2867,
            3260,
            0,
            2881,
            4303,
            7557,
            10614
        ],
        [
            9483,
            15754,
            15390,
            7925,
            6960,
            5384,
            5462,
            3755,
            2429,
            1053,
            2881,
            0,
            2471,
            5442,
            8308
        ],
        [
            11947,
            16446,
            15569,
            7664,
            9430,
            7787,
            7801,
            6063,
            4894,
            3416,
            4303,
            2471,
            0,
            3264,
            6313
        ],
        [
            14600,
            17015,
            16024,
            9642,
            11985,
            10798,
            10903,
            9192,
            7786,
            6114,
            7557,
            5442,
            3264,
            0,
            3060
        ],
        [
            16098,
            15383,
            14881,
            11816,
            13891,
            13421,
            13645,
            12031,
            10464,
            8781,
            10614,
            8308,
            6313,
            3060,
            0
        ]
    ],
    "description": {
        "instance_id": "TSP37",
        "instance_type": "TSP",
        "original_instance_name": "gr666",
        "original_instance_file": "TSP37_15_gr666.orig.json",
        "contents": "Distance matrix D.",
        "comment": "Distances for GEO edge type are recalculated from coordinates."
    }
}