{
    "D": [
        [
            0,
            2872,
            3046,
            5597,
            4146,
            2777,
            2022,
            2556,
            2397,
            2262,
            12106,
            9694,
            10967,
            10968
        ],
        [
            2872,
            0,
            5127,
            6862,
            4405,
            3714,
            2691,
            2728,
            2440,
            1948,
            9250,
            8028,
            9334,
            9133
        ],
        [
            3046,
            5127,
            0,
            7825,
            7073,
            5663,
            5058,
            5599,
            5441,
            5264,
            13767,
            12727,
            14011,
            13985
        ],
        [
            5597,
            6862,
            7825,
            0,
            2654,
            3193,
            4264,
            4135,
            4425,
            4920,
            12265,
            6825,
            7531,
            7913
        ],
        [
            4146,
            4405,
            7073,
            2654,
            0,
            1410,
            2215,
            1827,
            2112,
            2575,
            10508,
            6010,
            7136,
            7297
        ],
        [
            2777,
            3714,
            5663,
            3193,
            1410,
            0,
            1071,
            1038,
            1295,
            1773,
            11347,
            7345,
            8514,
            8641
        ],
        [
            2022,
            2691,
            5058,
            4264,
            2215,
            1071,
            0,
            552,
            521,
            824,
            10997,
            7719,
            8970,
            9008
        ],
        [
            2556,
            2728,
            5599,
            4135,
            1827,
            1038,
            552,
            0,
            296,
            789,
            10562,
            7168,
            8423,
            8456
        ],
        [
            2397,
            2440,
            5441,
            4425,
            2112,
            1295,
            521,
            296,
            0,
            495,
            10479,
            7300,
            8570,
            8580
        ],
        [
            2262,
            1948,
            5264,
            4920,
            2575,
            1773,
            824,
            789,
            495,
            0,
            10272,
            7465,
            8758,
            8724
        ],
        [
            12106,
            9250,
            13767,
            12265,
            10508,
            11347,
            10997,
            10562,
            10479,
            10272,
            0,
            5650,
            5472,
            4926
        ],
        [
            9694,
            8028,
            12727,
            6825,
            6010,
            7345,
            7719,
            7168,
            7300,
            7465,
            5650,
            0,
            1316,
            1298
        ],
        [
            10967,
            9334,
            14011,
            7531,
            7136,
            8514,
            8970,
            8423,
            8570,
            8758,
            5472,
            1316,
            0,
            573
        ],
        [
            10968,
            9133,
            13985,
            7913,
            7297,
            8641,
            9008,
            8456,
            8580,
            8724,
            4926,
            1298,
            573,
            0
        ]
    ],
    "description": {
        "instance_id": "TSP36",
        "instance_type": "TSP",
        "original_instance_name": "gr666",
        "original_instance_file": "TSP36_14_gr666.orig.json",
        "contents": "Distance matrix D.",
        "comment": "Distances for GEO edge type are recalculated from coordinates."
    }
}