{
    "D": [
        [
            0.0,
            685.0,
            837.0,
            826.0,
            1958.0
        ],
        [
            685.0,
            0.0,
            241.0,
            202.0,
            1275.0
        ],
        [
            837.0,
            241.0,
            0.0,
            363.0,
            1191.0
        ],
        [
            826.0,
            202.0,
            363.0,
            0.0,
            1142.0
        ],
        [
            1958.0,
            1275.0,
            1191.0,
            1142.0,
            0.0
        ]
    ],
    "description": {
        "instance_id": "TSP40",
        "instance_type": "TSP",
        "original_instance_name": "lin105",
        "original_instance_file": "TSP40_5_lin105.orig.json",
        "contents": "Distance matrix D.",
        "comment": "Distances for GEO edge type are recalculated from coordinates."
    }
}