{
    "D": [
        [
            0.0,
            340.0,
            966.0,
            1487.0,
            1899.0,
            1748.0,
            1815.0,
            1828.0,
            1896.0,
            2268.0,
            2552.0
        ],
        [
            340.0,
            0.0,
            1093.0,
            1307.0,
            1815.0,
            1489.0,
            1637.0,
            1584.0,
            1630.0,
            2150.0,
            2417.0
        ],
        [
            966.0,
            1093.0,
            0.0,
            1151.0,
            1199.0,
            1620.0,
            1393.0,
            1626.0,
            1771.0,
            1608.0,
            1915.0
        ],
        [
            1487.0,
            1307.0,
            1151.0,
            0.0,
            678.0,
            507.0,
            331.0,
            481.0,
            643.0,
            892.0,
            1126.0
        ],
        [
            1899.0,
            1815.0,
            1199.0,
            678.0,
            0.0,
            1073.0,
            555.0,
            974.0,
            1154.0,
            410.0,
            717.0
        ],
        [
            1748.0,
            1489.0,
            1620.0,
            507.0,
            1073.0,
            0.0,
            528.0,
            140.0,
            155.0,
            1123.0,
            1251.0
        ],
        [
            1815.0,
            1637.0,
            1393.0,
            331.0,
            555.0,
            528.0,
            0.0,
            420.0,
            599.0,
            621.0,
            815.0
        ],
        [
            1828.0,
            1584.0,
            1626.0,
            481.0,
            974.0,
            140.0,
            420.0,
            0.0,
            182.0,
            993.0,
            1112.0
        ],
        [
            1896.0,
            1630.0,
            1771.0,
            643.0,
            1154.0,
            155.0,
            599.0,
            182.0,
            0.0,
            1151.0,
            1241.0
        ],
        [
            2268.0,
            2150.0,
            1608.0,
            892.0,
            410.0,
            1123.0,
            621.0,
            993.0,
            1151.0,
            0.0,
            307.0
        ],
        [
            2552.0,
            2417.0,
            1915.0,
            1126.0,
            717.0,
            1251.0,
            815.0,
            1112.0,
            1241.0,
            307.0,
            0.0
        ]
    ],
    "description": {
        "instance_id": "TSP46",
        "instance_type": "TSP",
        "original_instance_name": "lin105",
        "original_instance_file": "TSP46_11_lin105.orig.json",
        "contents": "Distance matrix D.",
        "comment": "Distances for GEO edge type are recalculated from coordinates."
    }
}