{
    "D": [
        [
            0.0,
            1260.0,
            1416.0,
            892.0,
            1028.0,
            1174.0,
            1353.0,
            1950.0,
            1937.0,
            1969.0,
            2449.0,
            2393.0,
            2604.0,
            2886.0
        ],
        [
            1260.0,
            0.0,
            307.0,
            1069.0,
            1152.0,
            914.0,
            890.0,
            1393.0,
            1658.0,
            1795.0,
            1638.0,
            2189.0,
            2099.0,
            2096.0
        ],
        [
            1416.0,
            307.0,
            0.0,
            1009.0,
            1057.0,
            763.0,
            679.0,
            1110.0,
            1410.0,
            1560.0,
            1331.0,
            1934.0,
            1806.0,
            1789.0
        ],
        [
            892.0,
            1069.0,
            1009.0,
            0.0,
            145.0,
            360.0,
            562.0,
            1088.0,
            1045.0,
            1088.0,
            1632.0,
            1517.0,
            1715.0,
            2043.0
        ],
        [
            1028.0,
            1152.0,
            1057.0,
            145.0,
            0.0,
            331.0,
            520.0,
            985.0,
            909.0,
            946.0,
            1545.0,
            1374.0,
            1587.0,
            1943.0
        ],
        [
            1174.0,
            914.0,
            763.0,
            360.0,
            331.0,
            0.0,
            202.0,
            777.0,
            847.0,
            943.0,
            1289.0,
            1367.0,
            1455.0,
            1716.0
        ],
        [
            1353.0,
            890.0,
            679.0,
            562.0,
            520.0,
            202.0,
            0.0,
            619.0,
            779.0,
            906.0,
            1098.0,
            1311.0,
            1323.0,
            1534.0
        ],
        [
            1950.0,
            1393.0,
            1110.0,
            1088.0,
            985.0,
            777.0,
            619.0,
            0.0,
            426.0,
            605.0,
            584.0,
            867.0,
            716.0,
            958.0
        ],
        [
            1937.0,
            1658.0,
            1410.0,
            1045.0,
            909.0,
            847.0,
            779.0,
            426.0,
            0.0,
            179.0,
            931.0,
            532.0,
            697.0,
            1190.0
        ],
        [
            1969.0,
            1795.0,
            1560.0,
            1088.0,
            946.0,
            943.0,
            906.0,
            605.0,
            179.0,
            0.0,
            1089.0,
            431.0,
            754.0,
            1309.0
        ],
        [
            2449.0,
            1638.0,
            1331.0,
            1632.0,
            1545.0,
            1289.0,
            1098.0,
            584.0,
            931.0,
            1089.0,
            0.0,
            1166.0,
            695.0,
            461.0
        ],
        [
            2393.0,
            2189.0,
            1934.0,
            1517.0,
            1374.0,
            1367.0,
            1311.0,
            867.0,
            532.0,
            431.0,
            1166.0,
            0.0,
            581.0,
            1229.0
        ],
        [
            2604.0,
            2099.0,
            1806.0,
            1715.0,
            1587.0,
            1455.0,
            1323.0,
            716.0,
            697.0,
            754.0,
            695.0,
            581.0,
            0.0,
            651.0
        ],
        [
            2886.0,
            2096.0,
            1789.0,
            2043.0,
            1943.0,
            1716.0,
            1534.0,
            958.0,
            1190.0,
            1309.0,
            461.0,
            1229.0,
            651.0,
            0.0
        ]
    ],
    "description": {
        "instance_id": "TSP49",
        "instance_type": "TSP",
        "original_instance_name": "lin105",
        "original_instance_file": "TSP49_14_lin105.orig.json",
        "contents": "Distance matrix D.",
        "comment": "Distances for GEO edge type are recalculated from coordinates."
    }
}