{
    "D": [
        [
            0.0,
            1226.0,
            1251.0,
            1537.0,
            1298.0,
            1398.0,
            1455.0,
            1583.0,
            1570.0,
            1638.0,
            1978.0,
            2283.0,
            2280.0,
            2376.0,
            2524.0,
            2879.0
        ],
        [
            1226.0,
            0.0,
            63.0,
            641.0,
            822.0,
            939.0,
            992.0,
            979.0,
            1102.0,
            1632.0,
            1853.0,
            1552.0,
            1714.0,
            1717.0,
            2085.0,
            2150.0
        ],
        [
            1251.0,
            63.0,
            0.0,
            578.0,
            772.0,
            887.0,
            939.0,
            921.0,
            1047.0,
            1587.0,
            1802.0,
            1489.0,
            1652.0,
            1654.0,
            2025.0,
            2087.0
        ],
        [
            1537.0,
            641.0,
            578.0,
            0.0,
            426.0,
            473.0,
            497.0,
            400.0,
            562.0,
            1197.0,
            1334.0,
            913.0,
            1079.0,
            1076.0,
            1460.0,
            1517.0
        ],
        [
            1298.0,
            822.0,
            772.0,
            426.0,
            0.0,
            128.0,
            191.0,
            285.0,
            316.0,
            824.0,
            1032.0,
            986.0,
            1025.0,
            1093.0,
            1343.0,
            1590.0
        ],
        [
            1398.0,
            939.0,
            887.0,
            473.0,
            128.0,
            0.0,
            63.0,
            202.0,
            189.0,
            732.0,
            915.0,
            886.0,
            904.0,
            981.0,
            1216.0,
            1482.0
        ],
        [
            1455.0,
            992.0,
            939.0,
            497.0,
            191.0,
            63.0,
            0.0,
            170.0,
            126.0,
            701.0,
            866.0,
            832.0,
            842.0,
            923.0,
            1153.0,
            1425.0
        ],
        [
            1583.0,
            979.0,
            921.0,
            400.0,
            285.0,
            202.0,
            170.0,
            0.0,
            170.0,
            822.0,
            934.0,
            701.0,
            764.0,
            815.0,
            1112.0,
            1308.0
        ],
        [
            1570.0,
            1102.0,
            1047.0,
            562.0,
            316.0,
            189.0,
            126.0,
            170.0,
            0.0,
            652.0,
            774.0,
            730.0,
            719.0,
            807.0,
            1027.0,
            1311.0
        ],
        [
            1638.0,
            1632.0,
            1587.0,
            1197.0,
            824.0,
            732.0,
            701.0,
            822.0,
            652.0,
            0.0,
            345.0,
            1136.0,
            929.0,
            1100.0,
            990.0,
            1552.0
        ],
        [
            1978.0,
            1853.0,
            1802.0,
            1334.0,
            1032.0,
            915.0,
            866.0,
            934.0,
            774.0,
            345.0,
            0.0,
            1009.0,
            736.0,
            919.0,
            685.0,
            1309.0
        ],
        [
            2283.0,
            1552.0,
            1489.0,
            913.0,
            986.0,
            886.0,
            832.0,
            701.0,
            730.0,
            1136.0,
            1009.0,
            0.0,
            317.0,
            192.0,
            692.0,
            613.0
        ],
        [
            2280.0,
            1714.0,
            1652.0,
            1079.0,
            1025.0,
            904.0,
            842.0,
            764.0,
            719.0,
            929.0,
            736.0,
            317.0,
            0.0,
            184.0,
            400.0,
            636.0
        ],
        [
            2376.0,
            1717.0,
            1654.0,
            1076.0,
            1093.0,
            981.0,
            923.0,
            815.0,
            807.0,
            1100.0,
            919.0,
            192.0,
            184.0,
            0.0,
            509.0,
            505.0
        ],
        [
            2524.0,
            2085.0,
            2025.0,
            1460.0,
            1343.0,
            1216.0,
            1153.0,
            1112.0,
            1027.0,
            990.0,
            685.0,
            692.0,
            400.0,
            509.0,
            0.0,
            680.0
        ],
        [
            2879.0,
            2150.0,
            2087.0,
            1517.0,
            1590.0,
            1482.0,
            1425.0,
            1308.0,
            1311.0,
            1552.0,
            1309.0,
            613.0,
            636.0,
            505.0,
            680.0,
            0.0
        ]
    ],
    "description": {
        "instance_id": "TSP51",
        "instance_type": "TSP",
        "original_instance_name": "lin105",
        "original_instance_file": "TSP51_16_lin105.orig.json",
        "contents": "Distance matrix D.",
        "comment": "Distances for GEO edge type are recalculated from coordinates."
    }
}