{
    "D": [
        [
            0.0,
            24.0,
            52.0,
            89.0,
            101.0,
            100.0,
            91.0,
            110.0,
            100.0,
            140.0,
            85.0
        ],
        [
            24.0,
            0.0,
            32.0,
            72.0,
            86.0,
            85.0,
            69.0,
            88.0,
            80.0,
            120.0,
            65.0
        ],
        [
            52.0,
            32.0,
            0.0,
            44.0,
            76.0,
            81.0,
            45.0,
            59.0,
            49.0,
            89.0,
            34.0
        ],
        [
            89.0,
            72.0,
            44.0,
            0.0,
            46.0,
            56.0,
            64.0,
            73.0,
            53.0,
            82.0,
            41.0
        ],
        [
            101.0,
            86.0,
            76.0,
            46.0,
            0.0,
            13.0,
            96.0,
            105.0,
            85.0,
            114.0,
            73.0
        ],
        [
            100.0,
            85.0,
            81.0,
            56.0,
            13.0,
            0.0,
            106.0,
            115.0,
            95.0,
            124.0,
            83.0
        ],
        [
            91.0,
            69.0,
            45.0,
            64.0,
            96.0,
            106.0,
            0.0,
            19.0,
            33.0,
            64.0,
            25.0
        ],
        [
            110.0,
            88.0,
            59.0,
            73.0,
            105.0,
            115.0,
            19.0,
            0.0,
            32.0,
            48.0,
            32.0
        ],
        [
            100.0,
            80.0,
            49.0,
            53.0,
            85.0,
            95.0,
            33.0,
            32.0,
            0.0,
            43.0,
            17.0
        ],
        [
            140.0,
            120.0,
            89.0,
            82.0,
            114.0,
            124.0,
            64.0,
            48.0,
            43.0,
            0.0,
            59.0
        ],
        [
            85.0,
            65.0,
            34.0,
            41.0,
            73.0,
            83.0,
            25.0,
            32.0,
            17.0,
            59.0,
            0.0
        ]
    ],
    "description": {
        "instance_id": "TSP59",
        "instance_type": "TSP",
        "original_instance_name": "pa561.tsp",
        "original_instance_file": "TSP59_11_pa561.tsp.orig.json",
        "contents": "Distance matrix D.",
        "comment": "Distances for GEO edge type are recalculated from coordinates."
    }
}