{
    "D": [
        [
            0.0,
            28.0,
            34.0,
            40.0,
            39.0,
            109.0,
            117.0,
            118.0,
            125.0,
            151.0,
            122.0,
            119.0,
            142.0,
            99.0,
            95.0,
            100.0
        ],
        [
            28.0,
            0.0,
            9.0,
            12.0,
            11.0,
            81.0,
            89.0,
            90.0,
            100.0,
            127.0,
            98.0,
            106.0,
            129.0,
            86.0,
            82.0,
            87.0
        ],
        [
            34.0,
            9.0,
            0.0,
            7.0,
            11.0,
            81.0,
            89.0,
            90.0,
            100.0,
            122.0,
            93.0,
            114.0,
            136.0,
            94.0,
            88.0,
            90.0
        ],
        [
            40.0,
            12.0,
            7.0,
            0.0,
            10.0,
            80.0,
            88.0,
            84.0,
            99.0,
            115.0,
            86.0,
            113.0,
            135.0,
            94.0,
            87.0,
            89.0
        ],
        [
            39.0,
            11.0,
            11.0,
            10.0,
            0.0,
            70.0,
            78.0,
            79.0,
            89.0,
            117.0,
            88.0,
            103.0,
            125.0,
            84.0,
            77.0,
            79.0
        ],
        [
            109.0,
            81.0,
            81.0,
            80.0,
            70.0,
            0.0,
            19.0,
            33.0,
            26.0,
            85.0,
            57.0,
            104.0,
            120.0,
            87.0,
            79.0,
            57.0
        ],
        [
            117.0,
            89.0,
            89.0,
            88.0,
            78.0,
            19.0,
            0.0,
            14.0,
            26.0,
            71.0,
            42.0,
            118.0,
            131.0,
            100.0,
            93.0,
            65.0
        ],
        [
            118.0,
            90.0,
            90.0,
            84.0,
            79.0,
            33.0,
            14.0,
            0.0,
            32.0,
            57.0,
            28.0,
            119.0,
            135.0,
            101.0,
            94.0,
            71.0
        ],
        [
            125.0,
            100.0,
            100.0,
            99.0,
            89.0,
            26.0,
            26.0,
            32.0,
            0.0,
            77.0,
            60.0,
            102.0,
            114.0,
            92.0,
            84.0,
            48.0
        ],
        [
            151.0,
            127.0,
            122.0,
            115.0,
            117.0,
            85.0,
            71.0,
            57.0,
            77.0,
            0.0,
            29.0,
            160.0,
            176.0,
            142.0,
            135.0,
            113.0
        ],
        [
            122.0,
            98.0,
            93.0,
            86.0,
            88.0,
            57.0,
            42.0,
            28.0,
            60.0,
            29.0,
            0.0,
            131.0,
            147.0,
            113.0,
            106.0,
            84.0
        ],
        [
            119.0,
            106.0,
            114.0,
            113.0,
            103.0,
            104.0,
            118.0,
            119.0,
            102.0,
            160.0,
            131.0,
            0.0,
            23.0,
            22.0,
            28.0,
            61.0
        ],
        [
            142.0,
            129.0,
            136.0,
            135.0,
            125.0,
            120.0,
            131.0,
            135.0,
            114.0,
            176.0,
            147.0,
            23.0,
            0.0,
            45.0,
            51.0,
            67.0
        ],
        [
            99.0,
            86.0,
            94.0,
            94.0,
            84.0,
            87.0,
            100.0,
            101.0,
            92.0,
            142.0,
            113.0,
            22.0,
            45.0,
            0.0,
            8.0,
            51.0
        ],
        [
            95.0,
            82.0,
            88.0,
            87.0,
            77.0,
            79.0,
            93.0,
            94.0,
            84.0,
            135.0,
            106.0,
            28.0,
            51.0,
            8.0,
            0.0,
            43.0
        ],
        [
            100.0,
            87.0,
            90.0,
            89.0,
            79.0,
            57.0,
            65.0,
            71.0,
            48.0,
            113.0,
            84.0,
            61.0,
            67.0,
            51.0,
            43.0,
            0.0
        ]
    ],
    "description": {
        "instance_id": "TSP64",
        "instance_type": "TSP",
        "original_instance_name": "pa561.tsp",
        "original_instance_file": "TSP64_16_pa561.tsp.orig.json",
        "contents": "Distance matrix D.",
        "comment": "Distances for GEO edge type are recalculated from coordinates."
    }
}