{
    "D": [
        [
            0.0,
            721.0,
            1600.0,
            2433.0,
            3300.0,
            3306.0,
            7493.0,
            7960.0,
            8018.0,
            7966.0
        ],
        [
            721.0,
            0.0,
            1077.0,
            1800.0,
            2729.0,
            2707.0,
            7853.0,
            8207.0,
            8249.0,
            8112.0
        ],
        [
            1600.0,
            1077.0,
            0.0,
            894.0,
            1700.0,
            1712.0,
            7493.0,
            7673.0,
            7692.0,
            7447.0
        ],
        [
            2433.0,
            1800.0,
            894.0,
            0.0,
            985.0,
            922.0,
            8011.0,
            8052.0,
            8050.0,
            7703.0
        ],
        [
            3300.0,
            2729.0,
            1700.0,
            985.0,
            0.0,
            200.0,
            7858.0,
            7729.0,
            7703.0,
            7250.0
        ],
        [
            3306.0,
            2707.0,
            1712.0,
            922.0,
            200.0,
            0.0,
            8048.0,
            7927.0,
            7901.0,
            7450.0
        ],
        [
            7493.0,
            7853.0,
            7493.0,
            8011.0,
            7858.0,
            8048.0,
            0.0,
            1414.0,
            1612.0,
            2508.0
        ],
        [
            7960.0,
            8207.0,
            7673.0,
            8052.0,
            7729.0,
            7927.0,
            1414.0,
            0.0,
            200.0,
            1170.0
        ],
        [
            8018.0,
            8249.0,
            7692.0,
            8050.0,
            7703.0,
            7901.0,
            1612.0,
            200.0,
            0.0,
            985.0
        ],
        [
            7966.0,
            8112.0,
            7447.0,
            7703.0,
            7250.0,
            7450.0,
            2508.0,
            1170.0,
            985.0,
            0.0
        ]
    ],
    "description": {
        "instance_id": "TSP6",
        "instance_type": "TSP",
        "original_instance_name": "pr107",
        "original_instance_file": "TSP6_10_pr107.orig.json",
        "contents": "Distance matrix D.",
        "comment": "Distances for GEO edge type are recalculated from coordinates."
    }
}