{
    "D": [
        [
            0.0,
            81.0,
            135.0,
            100.0,
            79.0,
            166.0,
            87.0
        ],
        [
            81.0,
            0.0,
            97.0,
            66.0,
            156.0,
            236.0,
            164.0
        ],
        [
            135.0,
            97.0,
            0.0,
            162.0,
            179.0,
            231.0,
            183.0
        ],
        [
            100.0,
            66.0,
            162.0,
            0.0,
            178.0,
            266.0,
            186.0
        ],
        [
            79.0,
            156.0,
            179.0,
            178.0,
            0.0,
            90.0,
            9.0
        ],
        [
            166.0,
            236.0,
            231.0,
            266.0,
            90.0,
            0.0,
            81.0
        ],
        [
            87.0,
            164.0,
            183.0,
            186.0,
            9.0,
            81.0,
            0.0
        ]
    ],
    "description": {
        "instance_id": "TSP68",
        "instance_type": "TSP",
        "original_instance_name": "tsp225",
        "original_instance_file": "TSP68_7_tsp225.orig.json",
        "contents": "Distance matrix D.",
        "comment": "Distances for GEO edge type are recalculated from coordinates."
    }
}