{
    "D": [
        [
            0.0,
            24.0,
            17.0,
            24.0,
            40.0,
            14.0,
            62.0,
            91.0,
            122.0,
            64.0,
            77.0,
            51.0,
            57.0
        ],
        [
            24.0,
            0.0,
            41.0,
            33.0,
            55.0,
            28.0,
            73.0,
            107.0,
            124.0,
            88.0,
            101.0,
            75.0,
            81.0
        ],
        [
            17.0,
            41.0,
            0.0,
            19.0,
            26.0,
            19.0,
            52.0,
            78.0,
            108.0,
            65.0,
            74.0,
            42.0,
            47.0
        ],
        [
            24.0,
            33.0,
            19.0,
            0.0,
            25.0,
            12.0,
            43.0,
            77.0,
            104.0,
            80.0,
            85.0,
            51.0,
            56.0
        ],
        [
            40.0,
            55.0,
            26.0,
            25.0,
            0.0,
            28.0,
            26.0,
            52.0,
            82.0,
            64.0,
            69.0,
            35.0,
            31.0
        ],
        [
            14.0,
            28.0,
            19.0,
            12.0,
            28.0,
            0.0,
            50.0,
            80.0,
            110.0,
            75.0,
            87.0,
            53.0,
            58.0
        ],
        [
            62.0,
            73.0,
            52.0,
            43.0,
            26.0,
            50.0,
            0.0,
            42.0,
            69.0,
            82.0,
            86.0,
            43.0,
            38.0
        ],
        [
            91.0,
            107.0,
            78.0,
            77.0,
            52.0,
            80.0,
            42.0,
            0.0,
            54.0,
            105.0,
            108.0,
            66.0,
            53.0
        ],
        [
            122.0,
            124.0,
            108.0,
            104.0,
            82.0,
            110.0,
            69.0,
            54.0,
            0.0,
            135.0,
            139.0,
            96.0,
            89.0
        ],
        [
            64.0,
            88.0,
            65.0,
            80.0,
            64.0,
            75.0,
            82.0,
            105.0,
            135.0,
            0.0,
            18.0,
            44.0,
            54.0
        ],
        [
            77.0,
            101.0,
            74.0,
            85.0,
            69.0,
            87.0,
            86.0,
            108.0,
            139.0,
            18.0,
            0.0,
            48.0,
            55.0
        ],
        [
            51.0,
            75.0,
            42.0,
            51.0,
            35.0,
            53.0,
            43.0,
            66.0,
            96.0,
            44.0,
            48.0,
            0.0,
            14.0
        ],
        [
            57.0,
            81.0,
            47.0,
            56.0,
            31.0,
            58.0,
            38.0,
            53.0,
            89.0,
            54.0,
            55.0,
            14.0,
            0.0
        ]
    ],
    "description": {
        "instance_id": "TSP61",
        "instance_type": "TSP",
        "original_instance_name": "pa561.tsp",
        "original_instance_file": "TSP61_13_pa561.tsp.orig.json",
        "contents": "Distance matrix D.",
        "comment": "Distances for GEO edge type are recalculated from coordinates."
    }
}