{
    "D": [
        [
            0.0,
            65.0,
            71.0,
            132.0,
            106.0,
            126.0,
            55.0,
            43.0
        ],
        [
            65.0,
            0.0,
            7.0,
            73.0,
            43.0,
            86.0,
            107.0,
            93.0
        ],
        [
            71.0,
            7.0,
            0.0,
            70.0,
            36.0,
            87.0,
            114.0,
            100.0
        ],
        [
            132.0,
            73.0,
            70.0,
            0.0,
            57.0,
            48.0,
            159.0,
            146.0
        ],
        [
            106.0,
            43.0,
            36.0,
            57.0,
            0.0,
            93.0,
            150.0,
            136.0
        ],
        [
            126.0,
            86.0,
            87.0,
            48.0,
            93.0,
            0.0,
            136.0,
            125.0
        ],
        [
            55.0,
            107.0,
            114.0,
            159.0,
            150.0,
            136.0,
            0.0,
            14.0
        ],
        [
            43.0,
            93.0,
            100.0,
            146.0,
            136.0,
            125.0,
            14.0,
            0.0
        ]
    ],
    "description": {
        "instance_id": "TSP69",
        "instance_type": "TSP",
        "original_instance_name": "tsp225",
        "original_instance_file": "TSP69_8_tsp225.orig.json",
        "contents": "Distance matrix D.",
        "comment": "Distances for GEO edge type are recalculated from coordinates."
    }
}