{
    "D": [
        [
            0.0,
            23.0,
            20.0,
            14.0,
            34.0,
            72.0,
            38.0,
            46.0,
            42.0,
            80.0,
            84.0,
            56.0,
            58.0,
            38.0,
            72.0
        ],
        [
            23.0,
            0.0,
            8.0,
            15.0,
            45.0,
            77.0,
            20.0,
            28.0,
            29.0,
            67.0,
            71.0,
            43.0,
            45.0,
            25.0,
            59.0
        ],
        [
            20.0,
            8.0,
            0.0,
            12.0,
            40.0,
            72.0,
            28.0,
            31.0,
            27.0,
            65.0,
            69.0,
            41.0,
            43.0,
            23.0,
            57.0
        ],
        [
            14.0,
            15.0,
            12.0,
            0.0,
            32.0,
            64.0,
            35.0,
            38.0,
            34.0,
            72.0,
            76.0,
            48.0,
            50.0,
            30.0,
            64.0
        ],
        [
            34.0,
            45.0,
            40.0,
            32.0,
            0.0,
            48.0,
            65.0,
            67.0,
            60.0,
            89.0,
            80.0,
            59.0,
            60.0,
            38.0,
            55.0
        ],
        [
            72.0,
            77.0,
            72.0,
            64.0,
            48.0,
            0.0,
            97.0,
            99.0,
            92.0,
            111.0,
            100.0,
            84.0,
            82.0,
            70.0,
            71.0
        ],
        [
            38.0,
            20.0,
            28.0,
            35.0,
            65.0,
            97.0,
            0.0,
            19.0,
            24.0,
            73.0,
            85.0,
            60.0,
            62.0,
            43.0,
            77.0
        ],
        [
            46.0,
            28.0,
            31.0,
            38.0,
            67.0,
            99.0,
            19.0,
            0.0,
            11.0,
            59.0,
            71.0,
            54.0,
            56.0,
            37.0,
            71.0
        ],
        [
            42.0,
            29.0,
            27.0,
            34.0,
            60.0,
            92.0,
            24.0,
            11.0,
            0.0,
            53.0,
            65.0,
            47.0,
            49.0,
            30.0,
            64.0
        ],
        [
            80.0,
            67.0,
            65.0,
            72.0,
            89.0,
            111.0,
            73.0,
            59.0,
            53.0,
            0.0,
            12.0,
            34.0,
            29.0,
            52.0,
            41.0
        ],
        [
            84.0,
            71.0,
            69.0,
            76.0,
            80.0,
            100.0,
            85.0,
            71.0,
            65.0,
            12.0,
            0.0,
            38.0,
            26.0,
            47.0,
            29.0
        ],
        [
            56.0,
            43.0,
            41.0,
            48.0,
            59.0,
            84.0,
            60.0,
            54.0,
            47.0,
            34.0,
            38.0,
            0.0,
            12.0,
            21.0,
            32.0
        ],
        [
            58.0,
            45.0,
            43.0,
            50.0,
            60.0,
            82.0,
            62.0,
            56.0,
            49.0,
            29.0,
            26.0,
            12.0,
            0.0,
            23.0,
            20.0
        ],
        [
            38.0,
            25.0,
            23.0,
            30.0,
            38.0,
            70.0,
            43.0,
            37.0,
            30.0,
            52.0,
            47.0,
            21.0,
            23.0,
            0.0,
            35.0
        ],
        [
            72.0,
            59.0,
            57.0,
            64.0,
            55.0,
            71.0,
            77.0,
            71.0,
            64.0,
            41.0,
            29.0,
            32.0,
            20.0,
            35.0,
            0.0
        ]
    ],
    "description": {
        "instance_id": "TSP63",
        "instance_type": "TSP",
        "original_instance_name": "pa561.tsp",
        "original_instance_file": "TSP63_15_pa561.tsp.orig.json",
        "contents": "Distance matrix D.",
        "comment": "Distances for GEO edge type are recalculated from coordinates."
    }
}