{
    "D": [
        [
            0.0,
            214.0,
            80.0,
            322.0,
            336.0,
            271.0,
            295.0,
            234.0,
            180.0
        ],
        [
            214.0,
            0.0,
            164.0,
            235.0,
            205.0,
            206.0,
            208.0,
            212.0,
            168.0
        ],
        [
            80.0,
            164.0,
            0.0,
            243.0,
            257.0,
            192.0,
            215.0,
            259.0,
            102.0
        ],
        [
            322.0,
            235.0,
            243.0,
            0.0,
            64.0,
            52.0,
            29.0,
            439.0,
            143.0
        ],
        [
            336.0,
            205.0,
            257.0,
            64.0,
            0.0,
            93.0,
            64.0,
            416.0,
            166.0
        ],
        [
            271.0,
            206.0,
            192.0,
            52.0,
            93.0,
            0.0,
            30.0,
            402.0,
            91.0
        ],
        [
            295.0,
            208.0,
            215.0,
            29.0,
            64.0,
            30.0,
            0.0,
            411.0,
            116.0
        ],
        [
            234.0,
            212.0,
            259.0,
            439.0,
            416.0,
            402.0,
            411.0,
            0.0,
            332.0
        ],
        [
            180.0,
            168.0,
            102.0,
            143.0,
            166.0,
            91.0,
            116.0,
            332.0,
            0.0
        ]
    ],
    "description": {
        "instance_id": "TSP70",
        "instance_type": "TSP",
        "original_instance_name": "tsp225",
        "original_instance_file": "TSP70_9_tsp225.orig.json",
        "contents": "Distance matrix D.",
        "comment": "Distances for GEO edge type are recalculated from coordinates."
    }
}