{
    "D": [
        [
            0.0,
            241.0,
            272.0,
            189.0,
            156.0,
            157.0,
            121.0,
            124.0,
            164.0,
            172.0,
            159.0,
            40.0,
            187.0,
            227.0
        ],
        [
            241.0,
            0.0,
            30.0,
            164.0,
            171.0,
            157.0,
            178.0,
            324.0,
            336.0,
            388.0,
            383.0,
            282.0,
            200.0,
            54.0
        ],
        [
            272.0,
            30.0,
            0.0,
            185.0,
            195.0,
            182.0,
            205.0,
            353.0,
            363.0,
            417.0,
            412.0,
            312.0,
            221.0,
            71.0
        ],
        [
            189.0,
            164.0,
            185.0,
            0.0,
            33.0,
            33.0,
            68.0,
            205.0,
            198.0,
            270.0,
            272.0,
            220.0,
            281.0,
            114.0
        ],
        [
            156.0,
            171.0,
            195.0,
            33.0,
            0.0,
            14.0,
            36.0,
            176.0,
            173.0,
            241.0,
            242.0,
            187.0,
            262.0,
            126.0
        ],
        [
            157.0,
            157.0,
            182.0,
            33.0,
            14.0,
            0.0,
            38.0,
            186.0,
            186.0,
            252.0,
            252.0,
            190.0,
            252.0,
            113.0
        ],
        [
            121.0,
            178.0,
            205.0,
            68.0,
            36.0,
            38.0,
            0.0,
            152.0,
            158.0,
            218.0,
            216.0,
            152.0,
            238.0,
            140.0
        ],
        [
            124.0,
            324.0,
            353.0,
            205.0,
            176.0,
            186.0,
            152.0,
            0.0,
            49.0,
            66.0,
            67.0,
            109.0,
            311.0,
            292.0
        ],
        [
            164.0,
            336.0,
            363.0,
            198.0,
            173.0,
            186.0,
            158.0,
            49.0,
            0.0,
            85.0,
            97.0,
            155.0,
            348.0,
            297.0
        ],
        [
            172.0,
            388.0,
            417.0,
            270.0,
            241.0,
            252.0,
            218.0,
            66.0,
            85.0,
            0.0,
            21.0,
            143.0,
            356.0,
            357.0
        ],
        [
            159.0,
            383.0,
            412.0,
            272.0,
            242.0,
            252.0,
            216.0,
            67.0,
            97.0,
            21.0,
            0.0,
            128.0,
            342.0,
            354.0
        ],
        [
            40.0,
            282.0,
            312.0,
            220.0,
            187.0,
            190.0,
            152.0,
            109.0,
            155.0,
            143.0,
            128.0,
            0.0,
            214.0,
            266.0
        ],
        [
            187.0,
            200.0,
            221.0,
            281.0,
            262.0,
            252.0,
            238.0,
            311.0,
            348.0,
            356.0,
            342.0,
            214.0,
            0.0,
            230.0
        ],
        [
            227.0,
            54.0,
            71.0,
            114.0,
            126.0,
            113.0,
            140.0,
            292.0,
            297.0,
            357.0,
            354.0,
            266.0,
            230.0,
            0.0
        ]
    ],
    "description": {
        "instance_id": "TSP75",
        "instance_type": "TSP",
        "original_instance_name": "tsp225",
        "original_instance_file": "TSP75_14_tsp225.orig.json",
        "contents": "Distance matrix D.",
        "comment": "Distances for GEO edge type are recalculated from coordinates."
    }
}