{
    "D": [
        [
            0.0,
            66.0,
            35.0,
            119.0,
            143.0,
            167.0,
            150.0,
            254.0,
            150.0,
            146.0,
            115.0,
            66.0,
            180.0
        ],
        [
            66.0,
            0.0,
            30.0,
            101.0,
            143.0,
            180.0,
            111.0,
            195.0,
            208.0,
            202.0,
            160.0,
            19.0,
            146.0
        ],
        [
            35.0,
            30.0,
            0.0,
            102.0,
            137.0,
            168.0,
            124.0,
            221.0,
            179.0,
            174.0,
            136.0,
            35.0,
            157.0
        ],
        [
            119.0,
            101.0,
            102.0,
            0.0,
            50.0,
            93.0,
            46.0,
            171.0,
            192.0,
            181.0,
            126.0,
            119.0,
            64.0
        ],
        [
            143.0,
            143.0,
            137.0,
            50.0,
            0.0,
            43.0,
            86.0,
            208.0,
            169.0,
            156.0,
            103.0,
            161.0,
            86.0
        ],
        [
            167.0,
            180.0,
            168.0,
            93.0,
            43.0,
            0.0,
            128.0,
            246.0,
            153.0,
            139.0,
            93.0,
            196.0,
            122.0
        ],
        [
            150.0,
            111.0,
            124.0,
            46.0,
            86.0,
            128.0,
            0.0,
            126.0,
            237.0,
            226.0,
            171.0,
            129.0,
            36.0
        ],
        [
            254.0,
            195.0,
            221.0,
            171.0,
            208.0,
            246.0,
            126.0,
            0.0,
            362.0,
            351.0,
            297.0,
            207.0,
            124.0
        ],
        [
            150.0,
            208.0,
            179.0,
            192.0,
            169.0,
            153.0,
            237.0,
            362.0,
            0.0,
            14.0,
            67.0,
            214.0,
            251.0
        ],
        [
            146.0,
            202.0,
            174.0,
            181.0,
            156.0,
            139.0,
            226.0,
            351.0,
            14.0,
            0.0,
            55.0,
            209.0,
            239.0
        ],
        [
            115.0,
            160.0,
            136.0,
            126.0,
            103.0,
            93.0,
            171.0,
            297.0,
            67.0,
            55.0,
            0.0,
            170.0,
            184.0
        ],
        [
            66.0,
            19.0,
            35.0,
            119.0,
            161.0,
            196.0,
            129.0,
            207.0,
            214.0,
            209.0,
            170.0,
            0.0,
            165.0
        ],
        [
            180.0,
            146.0,
            157.0,
            64.0,
            86.0,
            122.0,
            36.0,
            124.0,
            251.0,
            239.0,
            184.0,
            165.0,
            0.0
        ]
    ],
    "description": {
        "instance_id": "TSP74",
        "instance_type": "TSP",
        "original_instance_name": "tsp225",
        "original_instance_file": "TSP74_13_tsp225.orig.json",
        "contents": "Distance matrix D.",
        "comment": "Distances for GEO edge type are recalculated from coordinates."
    }
}