{
    "D": [
        [
            0.0,
            48.0,
            93.0,
            93.0,
            172.0,
            124.0,
            364.0,
            378.0,
            355.0,
            365.0,
            223.0
        ],
        [
            48.0,
            0.0,
            54.0,
            57.0,
            160.0,
            103.0,
            320.0,
            335.0,
            318.0,
            343.0,
            228.0
        ],
        [
            93.0,
            54.0,
            0.0,
            8.0,
            120.0,
            60.0,
            271.0,
            285.0,
            264.0,
            292.0,
            200.0
        ],
        [
            93.0,
            57.0,
            8.0,
            0.0,
            112.0,
            53.0,
            272.0,
            285.0,
            263.0,
            287.0,
            192.0
        ],
        [
            172.0,
            160.0,
            120.0,
            112.0,
            0.0,
            60.0,
            271.0,
            277.0,
            226.0,
            197.0,
            90.0
        ],
        [
            124.0,
            103.0,
            60.0,
            53.0,
            60.0,
            0.0,
            265.0,
            275.0,
            239.0,
            242.0,
            143.0
        ],
        [
            364.0,
            320.0,
            271.0,
            272.0,
            271.0,
            265.0,
            0.0,
            20.0,
            86.0,
            228.0,
            343.0
        ],
        [
            378.0,
            335.0,
            285.0,
            285.0,
            277.0,
            275.0,
            20.0,
            0.0,
            77.0,
            219.0,
            346.0
        ],
        [
            355.0,
            318.0,
            264.0,
            263.0,
            226.0,
            239.0,
            86.0,
            77.0,
            0.0,
            142.0,
            283.0
        ],
        [
            365.0,
            343.0,
            292.0,
            287.0,
            197.0,
            242.0,
            228.0,
            219.0,
            142.0,
            0.0,
            206.0
        ],
        [
            223.0,
            228.0,
            200.0,
            192.0,
            90.0,
            143.0,
            343.0,
            346.0,
            283.0,
            206.0,
            0.0
        ]
    ],
    "description": {
        "instance_id": "TSP72",
        "instance_type": "TSP",
        "original_instance_name": "tsp225",
        "original_instance_file": "TSP72_11_tsp225.orig.json",
        "contents": "Distance matrix D.",
        "comment": "Distances for GEO edge type are recalculated from coordinates."
    }
}