{
    "D": [
        [
            0.0,
            180.0,
            208.0,
            178.0,
            156.0,
            185.0,
            185.0,
            203.0,
            418.0,
            416.0,
            366.0,
            342.0
        ],
        [
            180.0,
            0.0,
            29.0,
            100.0,
            239.0,
            226.0,
            243.0,
            269.0,
            441.0,
            431.0,
            373.0,
            402.0
        ],
        [
            208.0,
            29.0,
            0.0,
            108.0,
            258.0,
            241.0,
            259.0,
            285.0,
            447.0,
            435.0,
            378.0,
            414.0
        ],
        [
            178.0,
            100.0,
            108.0,
            0.0,
            163.0,
            136.0,
            156.0,
            181.0,
            341.0,
            330.0,
            272.0,
            306.0
        ],
        [
            156.0,
            239.0,
            258.0,
            163.0,
            0.0,
            50.0,
            35.0,
            46.0,
            262.0,
            263.0,
            215.0,
            187.0
        ],
        [
            185.0,
            226.0,
            241.0,
            136.0,
            50.0,
            0.0,
            23.0,
            46.0,
            236.0,
            233.0,
            181.0,
            178.0
        ],
        [
            185.0,
            243.0,
            259.0,
            156.0,
            35.0,
            23.0,
            0.0,
            26.0,
            233.0,
            232.0,
            183.0,
            166.0
        ],
        [
            203.0,
            269.0,
            285.0,
            181.0,
            46.0,
            46.0,
            26.0,
            0.0,
            216.0,
            217.0,
            171.0,
            143.0
        ],
        [
            418.0,
            441.0,
            447.0,
            341.0,
            262.0,
            236.0,
            233.0,
            216.0,
            0.0,
            23.0,
            71.0,
            101.0
        ],
        [
            416.0,
            431.0,
            435.0,
            330.0,
            263.0,
            233.0,
            232.0,
            217.0,
            23.0,
            0.0,
            58.0,
            115.0
        ],
        [
            366.0,
            373.0,
            378.0,
            272.0,
            215.0,
            181.0,
            183.0,
            171.0,
            71.0,
            58.0,
            0.0,
            110.0
        ],
        [
            342.0,
            402.0,
            414.0,
            306.0,
            187.0,
            178.0,
            166.0,
            143.0,
            101.0,
            115.0,
            110.0,
            0.0
        ]
    ],
    "description": {
        "instance_id": "TSP73",
        "instance_type": "TSP",
        "original_instance_name": "tsp225",
        "original_instance_file": "TSP73_12_tsp225.orig.json",
        "contents": "Distance matrix D.",
        "comment": "Distances for GEO edge type are recalculated from coordinates."
    }
}