{
    "D": [
        [
            0.0,
            124.0,
            215.0,
            263.0,
            377.0,
            388.0,
            232.0,
            54.0,
            321.0,
            247.0
        ],
        [
            124.0,
            0.0,
            188.0,
            202.0,
            323.0,
            301.0,
            122.0,
            135.0,
            302.0,
            134.0
        ],
        [
            215.0,
            188.0,
            0.0,
            73.0,
            164.0,
            208.0,
            160.0,
            169.0,
            115.0,
            171.0
        ],
        [
            263.0,
            202.0,
            73.0,
            0.0,
            122.0,
            136.0,
            125.0,
            226.0,
            128.0,
            132.0
        ],
        [
            377.0,
            323.0,
            164.0,
            122.0,
            0.0,
            117.0,
            235.0,
            334.0,
            105.0,
            236.0
        ],
        [
            388.0,
            301.0,
            208.0,
            136.0,
            117.0,
            0.0,
            185.0,
            357.0,
            207.0,
            178.0
        ],
        [
            232.0,
            122.0,
            160.0,
            125.0,
            235.0,
            185.0,
            0.0,
            220.0,
            252.0,
            15.0
        ],
        [
            54.0,
            135.0,
            169.0,
            226.0,
            334.0,
            357.0,
            220.0,
            0.0,
            271.0,
            235.0
        ],
        [
            321.0,
            302.0,
            115.0,
            128.0,
            105.0,
            207.0,
            252.0,
            271.0,
            0.0,
            259.0
        ],
        [
            247.0,
            134.0,
            171.0,
            132.0,
            236.0,
            178.0,
            15.0,
            235.0,
            259.0,
            0.0
        ]
    ],
    "description": {
        "instance_id": "TSP71",
        "instance_type": "TSP",
        "original_instance_name": "tsp225",
        "original_instance_file": "TSP71_10_tsp225.orig.json",
        "contents": "Distance matrix D.",
        "comment": "Distances for GEO edge type are recalculated from coordinates."
    }
}