{
    "D": [
        [
            0.0,
            2012.0,
            1157.0,
            147.0,
            542.0,
            749.0,
            714.0,
            816.0,
            1922.0,
            553.0,
            678.0,
            2136.0,
            754.0,
            488.0,
            1184.0
        ],
        [
            2012.0,
            0.0,
            886.0,
            2081.0,
            1697.0,
            1480.0,
            2397.0,
            1321.0,
            102.0,
            2044.0,
            1336.0,
            451.0,
            2357.0,
            2138.0,
            900.0
        ],
        [
            1157.0,
            886.0,
            0.0,
            1210.0,
            814.0,
            609.0,
            1516.0,
            443.0,
            788.0,
            1163.0,
            503.0,
            985.0,
            1481.0,
            1253.0,
            97.0
        ],
        [
            147.0,
            2081.0,
            1210.0,
            0.0,
            507.0,
            737.0,
            568.0,
            831.0,
            1988.0,
            434.0,
            757.0,
            2177.0,
            610.0,
            352.0,
            1226.0
        ],
        [
            542.0,
            1697.0,
            814.0,
            507.0,
            0.0,
            242.0,
            704.0,
            378.0,
            1598.0,
            353.0,
            522.0,
            1727.0,
            675.0,
            441.0,
            802.0
        ],
        [
            749.0,
            1480.0,
            609.0,
            737.0,
            242.0,
            0.0,
            919.0,
            169.0,
            1380.0,
            567.0,
            468.0,
            1488.0,
            877.0,
            673.0,
            581.0
        ],
        [
            714.0,
            2397.0,
            1516.0,
            568.0,
            704.0,
            919.0,
            0.0,
            1076.0,
            2297.0,
            354.0,
            1178.0,
            2393.0,
            91.0,
            281.0,
            1498.0
        ],
        [
            816.0,
            1321.0,
            443.0,
            831.0,
            378.0,
            169.0,
            1076.0,
            0.0,
            1222.0,
            723.0,
            368.0,
            1356.0,
            1038.0,
            819.0,
            424.0
        ],
        [
            1922.0,
            102.0,
            788.0,
            1988.0,
            1598.0,
            1380.0,
            2297.0,
            1222.0,
            0.0,
            1944.0,
            1246.0,
            435.0,
            2256.0,
            2039.0,
            800.0
        ],
        [
            553.0,
            2044.0,
            1163.0,
            434.0,
            353.0,
            567.0,
            354.0,
            723.0,
            1944.0,
            0.0,
            849.0,
            2048.0,
            323.0,
            134.0,
            1145.0
        ],
        [
            678.0,
            1336.0,
            503.0,
            757.0,
            522.0,
            468.0,
            1178.0,
            368.0,
            1246.0,
            849.0,
            0.0,
            1486.0,
            1168.0,
            898.0,
            554.0
        ],
        [
            2136.0,
            451.0,
            985.0,
            2177.0,
            1727.0,
            1488.0,
            2393.0,
            1356.0,
            435.0,
            2048.0,
            1486.0,
            0.0,
            2338.0,
            2160.0,
            953.0
        ],
        [
            754.0,
            2357.0,
            1481.0,
            610.0,
            675.0,
            877.0,
            91.0,
            1038.0,
            2256.0,
            323.0,
            1168.0,
            2338.0,
            0.0,
            286.0,
            1457.0
        ],
        [
            488.0,
            2138.0,
            1253.0,
            352.0,
            441.0,
            673.0,
            281.0,
            819.0,
            2039.0,
            134.0,
            898.0,
            2160.0,
            286.0,
            0.0,
            1242.0
        ],
        [
            1184.0,
            900.0,
            97.0,
            1226.0,
            802.0,
            581.0,
            1498.0,
            424.0,
            800.0,
            1145.0,
            554.0,
            953.0,
            1457.0,
            1242.0,
            0.0
        ]
    ],
    "description": {
        "instance_id": "TSP89",
        "instance_type": "TSP",
        "original_instance_name": "att48",
        "original_instance_file": "TSP89_15_att48.orig.json",
        "contents": "Distance matrix D.",
        "comment": "Distances for GEO edge type are recalculated from coordinates."
    }
}