{
    "D": [
        [
            0.0,
            764.0,
            178.0,
            508.0,
            1082.0,
            840.0,
            986.0,
            2136.0,
            326.0,
            1117.0,
            261.0,
            1525.0,
            2162.0
        ],
        [
            764.0,
            0.0,
            781.0,
            568.0,
            323.0,
            85.0,
            260.0,
            2435.0,
            469.0,
            1324.0,
            648.0,
            1914.0,
            2415.0
        ],
        [
            178.0,
            781.0,
            0.0,
            649.0,
            1103.0,
            863.0,
            1025.0,
            2310.0,
            312.0,
            1294.0,
            418.0,
            1695.0,
            2338.0
        ],
        [
            508.0,
            568.0,
            649.0,
            0.0,
            804.0,
            604.0,
            673.0,
            1899.0,
            487.0,
            793.0,
            250.0,
            1353.0,
            1892.0
        ],
        [
            1082.0,
            323.0,
            1103.0,
            804.0,
            0.0,
            243.0,
            139.0,
            2564.0,
            792.0,
            1471.0,
            940.0,
            2093.0,
            2527.0
        ],
        [
            840.0,
            85.0,
            863.0,
            604.0,
            243.0,
            0.0,
            177.0,
            2443.0,
            552.0,
            1334.0,
            709.0,
            1936.0,
            2418.0
        ],
        [
            986.0,
            260.0,
            1025.0,
            673.0,
            139.0,
            177.0,
            0.0,
            2429.0,
            716.0,
            1334.0,
            825.0,
            1954.0,
            2393.0
        ],
        [
            2136.0,
            2435.0,
            2310.0,
            1899.0,
            2564.0,
            2443.0,
            2429.0,
            0.0,
            2331.0,
            1112.0,
            1976.0,
            633.0,
            146.0
        ],
        [
            326.0,
            469.0,
            312.0,
            487.0,
            792.0,
            552.0,
            716.0,
            2331.0,
            0.0,
            1250.0,
            357.0,
            1745.0,
            2339.0
        ],
        [
            1117.0,
            1324.0,
            1294.0,
            793.0,
            1471.0,
            1334.0,
            1334.0,
            1112.0,
            1250.0,
            0.0,
            909.0,
            637.0,
            1100.0
        ],
        [
            261.0,
            648.0,
            418.0,
            250.0,
            940.0,
            709.0,
            825.0,
            1976.0,
            357.0,
            909.0,
            0.0,
            1389.0,
            1988.0
        ],
        [
            1525.0,
            1914.0,
            1695.0,
            1353.0,
            2093.0,
            1936.0,
            1954.0,
            633.0,
            1745.0,
            637.0,
            1389.0,
            0.0,
            698.0
        ],
        [
            2162.0,
            2415.0,
            2338.0,
            1892.0,
            2527.0,
            2418.0,
            2393.0,
            146.0,
            2339.0,
            1100.0,
            1988.0,
            698.0,
            0.0
        ]
    ],
    "description": {
        "instance_id": "TSP87",
        "instance_type": "TSP",
        "original_instance_name": "att48",
        "original_instance_file": "TSP87_13_att48.orig.json",
        "contents": "Distance matrix D.",
        "comment": "Distances for GEO edge type are recalculated from coordinates."
    }
}