{
    "D": [
        [
            0.0,
            1070.0,
            465.0,
            947.0,
            1901.0,
            349.0,
            85.0,
            1375.0,
            285.0,
            153.0
        ],
        [
            1070.0,
            0.0,
            1505.0,
            140.0,
            1569.0,
            1390.0,
            1142.0,
            1231.0,
            1348.0,
            926.0
        ],
        [
            465.0,
            1505.0,
            0.0,
            1374.0,
            2035.0,
            117.0,
            382.0,
            1504.0,
            193.0,
            616.0
        ],
        [
            947.0,
            140.0,
            1374.0,
            0.0,
            1512.0,
            1260.0,
            1016.0,
            1140.0,
            1221.0,
            808.0
        ],
        [
            1901.0,
            1569.0,
            2035.0,
            1512.0,
            0.0,
            1978.0,
            1905.0,
            534.0,
            2019.0,
            1864.0
        ],
        [
            349.0,
            1390.0,
            117.0,
            1260.0,
            1978.0,
            0.0,
            266.0,
            1445.0,
            97.0,
            500.0
        ],
        [
            85.0,
            1142.0,
            382.0,
            1016.0,
            1905.0,
            266.0,
            0.0,
            1376.0,
            207.0,
            235.0
        ],
        [
            1375.0,
            1231.0,
            1504.0,
            1140.0,
            534.0,
            1445.0,
            1376.0,
            0.0,
            1486.0,
            1349.0
        ],
        [
            285.0,
            1348.0,
            193.0,
            1221.0,
            2019.0,
            97.0,
            207.0,
            1486.0,
            0.0,
            437.0
        ],
        [
            153.0,
            926.0,
            616.0,
            808.0,
            1864.0,
            500.0,
            235.0,
            1349.0,
            437.0,
            0.0
        ]
    ],
    "description": {
        "instance_id": "TSP84",
        "instance_type": "TSP",
        "original_instance_name": "att48",
        "original_instance_file": "TSP84_10_att48.orig.json",
        "contents": "Distance matrix D.",
        "comment": "Distances for GEO edge type are recalculated from coordinates."
    }
}