{
    "D": [
        [
            0.0,
            1376.0,
            1027.0,
            1303.0,
            1282.0,
            1113.0,
            437.0,
            611.0,
            504.0
        ],
        [
            1376.0,
            0.0,
            507.0,
            151.0,
            117.0,
            382.0,
            1503.0,
            1799.0,
            1777.0
        ],
        [
            1027.0,
            507.0,
            0.0,
            369.0,
            390.0,
            127.0,
            1281.0,
            1344.0,
            1498.0
        ],
        [
            1303.0,
            151.0,
            369.0,
            0.0,
            64.0,
            243.0,
            1471.0,
            1690.0,
            1730.0
        ],
        [
            1282.0,
            117.0,
            390.0,
            64.0,
            0.0,
            266.0,
            1433.0,
            1689.0,
            1698.0
        ],
        [
            1113.0,
            382.0,
            127.0,
            243.0,
            266.0,
            0.0,
            1334.0,
            1459.0,
            1568.0
        ],
        [
            437.0,
            1503.0,
            1281.0,
            1471.0,
            1433.0,
            1334.0,
            0.0,
            974.0,
            317.0
        ],
        [
            611.0,
            1799.0,
            1344.0,
            1690.0,
            1689.0,
            1459.0,
            974.0,
            0.0,
            843.0
        ],
        [
            504.0,
            1777.0,
            1498.0,
            1730.0,
            1698.0,
            1568.0,
            317.0,
            843.0,
            0.0
        ]
    ],
    "description": {
        "instance_id": "TSP83",
        "instance_type": "TSP",
        "original_instance_name": "att48",
        "original_instance_file": "TSP83_9_att48.orig.json",
        "contents": "Distance matrix D.",
        "comment": "Distances for GEO edge type are recalculated from coordinates."
    }
}