{
    "D": [
        [
            0.0,
            507.0,
            936.0,
            617.0,
            546.0,
            1240.0,
            434.0,
            2177.0,
            610.0,
            2193.0,
            695.0,
            1226.0
        ],
        [
            507.0,
            0.0,
            981.0,
            332.0,
            159.0,
            737.0,
            353.0,
            1727.0,
            675.0,
            1727.0,
            225.0,
            802.0
        ],
        [
            936.0,
            981.0,
            0.0,
            687.0,
            1135.0,
            1489.0,
            641.0,
            2564.0,
            336.0,
            2527.0,
            930.0,
            1730.0
        ],
        [
            617.0,
            332.0,
            687.0,
            0.0,
            490.0,
            844.0,
            207.0,
            1907.0,
            432.0,
            1884.0,
            246.0,
            1044.0
        ],
        [
            546.0,
            159.0,
            1135.0,
            490.0,
            0.0,
            713.0,
            499.0,
            1637.0,
            822.0,
            1649.0,
            341.0,
            693.0
        ],
        [
            1240.0,
            737.0,
            1489.0,
            844.0,
            713.0,
            0.0,
            1007.0,
            1076.0,
            1275.0,
            1043.0,
            614.0,
            437.0
        ],
        [
            434.0,
            353.0,
            641.0,
            207.0,
            499.0,
            1007.0,
            0.0,
            2048.0,
            323.0,
            2035.0,
            394.0,
            1145.0
        ],
        [
            2177.0,
            1727.0,
            2564.0,
            1907.0,
            1637.0,
            1076.0,
            2048.0,
            0.0,
            2338.0,
            146.0,
            1666.0,
            953.0
        ],
        [
            610.0,
            675.0,
            336.0,
            432.0,
            822.0,
            1275.0,
            323.0,
            2338.0,
            0.0,
            2316.0,
            673.0,
            1457.0
        ],
        [
            2193.0,
            1727.0,
            2527.0,
            1884.0,
            1649.0,
            1043.0,
            2035.0,
            146.0,
            2316.0,
            0.0,
            1647.0,
            981.0
        ],
        [
            695.0,
            225.0,
            930.0,
            246.0,
            341.0,
            614.0,
            394.0,
            1666.0,
            673.0,
            1647.0,
            0.0,
            801.0
        ],
        [
            1226.0,
            802.0,
            1730.0,
            1044.0,
            693.0,
            437.0,
            1145.0,
            953.0,
            1457.0,
            981.0,
            801.0,
            0.0
        ]
    ],
    "description": {
        "instance_id": "TSP86",
        "instance_type": "TSP",
        "original_instance_name": "att48",
        "original_instance_file": "TSP86_12_att48.orig.json",
        "contents": "Distance matrix D.",
        "comment": "Distances for GEO edge type are recalculated from coordinates."
    }
}