{
    "D": [
        [
            0.0,
            778.0,
            971.0,
            457.0,
            375.0,
            918.0,
            1308.0,
            1541.0,
            301.0,
            1227.0,
            325.0,
            1144.0,
            1790.0,
            640.0,
            591.0,
            810.0
        ],
        [
            778.0,
            0.0,
            1565.0,
            1210.0,
            814.0,
            1516.0,
            588.0,
            788.0,
            503.0,
            1750.0,
            1021.0,
            370.0,
            1025.0,
            1253.0,
            839.0,
            97.0
        ],
        [
            971.0,
            1565.0,
            0.0,
            618.0,
            753.0,
            54.0,
            1901.0,
            2344.0,
            1231.0,
            285.0,
            648.0,
            1914.0,
            2415.0,
            334.0,
            769.0,
            1545.0
        ],
        [
            457.0,
            1210.0,
            618.0,
            0.0,
            507.0,
            568.0,
            1691.0,
            1988.0,
            757.0,
            900.0,
            214.0,
            1579.0,
            2193.0,
            352.0,
            695.0,
            1226.0
        ],
        [
            375.0,
            814.0,
            753.0,
            507.0,
            0.0,
            704.0,
            1215.0,
            1598.0,
            522.0,
            961.0,
            295.0,
            1171.0,
            1727.0,
            441.0,
            225.0,
            802.0
        ],
        [
            918.0,
            1516.0,
            54.0,
            568.0,
            704.0,
            0.0,
            1860.0,
            2297.0,
            1178.0,
            332.0,
            595.0,
            1867.0,
            2375.0,
            281.0,
            728.0,
            1498.0
        ],
        [
            1308.0,
            588.0,
            1901.0,
            1691.0,
            1215.0,
            1860.0,
            0.0,
            646.0,
            1070.0,
            2019.0,
            1483.0,
            403.0,
            515.0,
            1638.0,
            1133.0,
            519.0
        ],
        [
            1541.0,
            788.0,
            2344.0,
            1988.0,
            1598.0,
            2297.0,
            646.0,
            0.0,
            1246.0,
            2513.0,
            1806.0,
            431.0,
            569.0,
            2039.0,
            1595.0,
            800.0
        ],
        [
            301.0,
            503.0,
            1231.0,
            757.0,
            522.0,
            1178.0,
            1070.0,
            1246.0,
            0.0,
            1466.0,
            604.0,
            860.0,
            1528.0,
            898.0,
            677.0,
            554.0
        ],
        [
            1227.0,
            1750.0,
            285.0,
            900.0,
            961.0,
            332.0,
            2019.0,
            2513.0,
            1466.0,
            0.0,
            910.0,
            2082.0,
            2526.0,
            590.0,
            919.0,
            1718.0
        ],
        [
            325.0,
            1021.0,
            648.0,
            214.0,
            295.0,
            595.0,
            1483.0,
            1806.0,
            604.0,
            910.0,
            0.0,
            1389.0,
            1988.0,
            320.0,
            495.0,
            1029.0
        ],
        [
            1144.0,
            370.0,
            1914.0,
            1579.0,
            1171.0,
            1867.0,
            403.0,
            431.0,
            860.0,
            2082.0,
            1389.0,
            0.0,
            698.0,
            1611.0,
            1164.0,
            370.0
        ],
        [
            1790.0,
            1025.0,
            2415.0,
            2193.0,
            1727.0,
            2375.0,
            515.0,
            569.0,
            1528.0,
            2526.0,
            1988.0,
            698.0,
            0.0,
            2152.0,
            1647.0,
            981.0
        ],
        [
            640.0,
            1253.0,
            334.0,
            352.0,
            441.0,
            281.0,
            1638.0,
            2039.0,
            898.0,
            590.0,
            320.0,
            1611.0,
            2152.0,
            0.0,
            520.0,
            1242.0
        ],
        [
            591.0,
            839.0,
            769.0,
            695.0,
            225.0,
            728.0,
            1133.0,
            1595.0,
            677.0,
            919.0,
            495.0,
            1164.0,
            1647.0,
            520.0,
            0.0,
            801.0
        ],
        [
            810.0,
            97.0,
            1545.0,
            1226.0,
            802.0,
            1498.0,
            519.0,
            800.0,
            554.0,
            1718.0,
            1029.0,
            370.0,
            981.0,
            1242.0,
            801.0,
            0.0
        ]
    ],
    "description": {
        "instance_id": "TSP90",
        "instance_type": "TSP",
        "original_instance_name": "att48",
        "original_instance_file": "TSP90_16_att48.orig.json",
        "contents": "Distance matrix D.",
        "comment": "Distances for GEO edge type are recalculated from coordinates."
    }
}