{
    "D": [
        [
            0.0,
            686.0,
            2201.0,
            312.0,
            2509.0,
            556.0,
            1312.0
        ],
        [
            686.0,
            0.0,
            2568.0,
            938.0,
            3082.0,
            1212.0,
            720.0
        ],
        [
            2201.0,
            2568.0,
            0.0,
            2318.0,
            1165.0,
            1810.0,
            2631.0
        ],
        [
            312.0,
            938.0,
            2318.0,
            0.0,
            2477.0,
            528.0,
            1607.0
        ],
        [
            2509.0,
            3082.0,
            1165.0,
            2477.0,
            0.0,
            1969.0,
            3380.0
        ],
        [
            556.0,
            1212.0,
            1810.0,
            528.0,
            1969.0,
            0.0,
            1742.0
        ],
        [
            1312.0,
            720.0,
            2631.0,
            1607.0,
            3380.0,
            1742.0,
            0.0
        ]
    ],
    "description": {
        "instance_id": "TSP94",
        "instance_type": "TSP",
        "original_instance_name": "kroA100",
        "original_instance_file": "TSP94_7_kroA100.orig.json",
        "contents": "Distance matrix D.",
        "comment": "Distances for GEO edge type are recalculated from coordinates."
    }
}