{
    "D": [
        [
            0.0,
            1951.0,
            3640.0,
            3255.0,
            730.0,
            400.0,
            2682.0,
            3972.0
        ],
        [
            1951.0,
            0.0,
            2912.0,
            1708.0,
            1468.0,
            1748.0,
            1694.0,
            2382.0
        ],
        [
            3640.0,
            2912.0,
            0.0,
            1685.0,
            3748.0,
            3240.0,
            1218.0,
            1786.0
        ],
        [
            3255.0,
            1708.0,
            1685.0,
            0.0,
            3023.0,
            2912.0,
            909.0,
            719.0
        ],
        [
            730.0,
            1468.0,
            3748.0,
            3023.0,
            0.0,
            858.0,
            2642.0,
            3737.0
        ],
        [
            400.0,
            1748.0,
            3240.0,
            2912.0,
            858.0,
            0.0,
            2299.0,
            3624.0
        ],
        [
            2682.0,
            1694.0,
            1218.0,
            909.0,
            2642.0,
            2299.0,
            0.0,
            1482.0
        ],
        [
            3972.0,
            2382.0,
            1786.0,
            719.0,
            3737.0,
            3624.0,
            1482.0,
            0.0
        ]
    ],
    "description": {
        "instance_id": "TSP95",
        "instance_type": "TSP",
        "original_instance_name": "kroA100",
        "original_instance_file": "TSP95_8_kroA100.orig.json",
        "contents": "Distance matrix D.",
        "comment": "Distances for GEO edge type are recalculated from coordinates."
    }
}