{
    "D": [
        [
            0.0,
            200.0,
            776.0,
            1408.0,
            1550.0,
            2350.0,
            2358.0,
            3950.0,
            5016.0,
            7886.0,
            7653.0,
            7886.0,
            9307.0
        ],
        [
            200.0,
            0.0,
            850.0,
            1477.0,
            1563.0,
            2358.0,
            2384.0,
            3955.0,
            5036.0,
            8085.0,
            7853.0,
            8085.0,
            9476.0
        ],
        [
            776.0,
            850.0,
            0.0,
            632.0,
            825.0,
            1612.0,
            1600.0,
            3206.0,
            4255.0,
            7796.0,
            7510.0,
            7650.0,
            8751.0
        ],
        [
            1408.0,
            1477.0,
            632.0,
            0.0,
            447.0,
            1077.0,
            1020.0,
            2631.0,
            3650.0,
            7740.0,
            7414.0,
            7474.0,
            8296.0
        ],
        [
            1550.0,
            1563.0,
            825.0,
            447.0,
            0.0,
            800.0,
            825.0,
            2400.0,
            3473.0,
            8180.0,
            7848.0,
            7891.0,
            8575.0
        ],
        [
            2350.0,
            2358.0,
            1612.0,
            1077.0,
            800.0,
            0.0,
            200.0,
            1600.0,
            2680.0,
            8440.0,
            8064.0,
            8011.0,
            8285.0
        ],
        [
            2358.0,
            2384.0,
            1600.0,
            1020.0,
            825.0,
            200.0,
            0.0,
            1612.0,
            2658.0,
            8254.0,
            7874.0,
            7816.0,
            8096.0
        ],
        [
            3950.0,
            3955.0,
            3206.0,
            2631.0,
            2400.0,
            1600.0,
            1612.0,
            0.0,
            1124.0,
            9149.0,
            8703.0,
            8477.0,
            7920.0
        ],
        [
            5016.0,
            5036.0,
            4255.0,
            3650.0,
            3473.0,
            2680.0,
            2658.0,
            1124.0,
            0.0,
            9411.0,
            8922.0,
            8577.0,
            7450.0
        ],
        [
            7886.0,
            8085.0,
            7796.0,
            7740.0,
            8180.0,
            8440.0,
            8254.0,
            9149.0,
            9411.0,
            0.0,
            585.0,
            1500.0,
            5750.0
        ],
        [
            7653.0,
            7853.0,
            7510.0,
            7414.0,
            7848.0,
            8064.0,
            7874.0,
            8703.0,
            8922.0,
            585.0,
            0.0,
            971.0,
            5204.0
        ],
        [
            7886.0,
            8085.0,
            7650.0,
            7474.0,
            7891.0,
            8011.0,
            7816.0,
            8477.0,
            8577.0,
            1500.0,
            971.0,
            0.0,
            4250.0
        ],
        [
            9307.0,
            9476.0,
            8751.0,
            8296.0,
            8575.0,
            8285.0,
            8096.0,
            7920.0,
            7450.0,
            5750.0,
            5204.0,
            4250.0,
            0.0
        ]
    ],
    "description": {
        "instance_id": "TSP9",
        "instance_type": "TSP",
        "original_instance_name": "pr107",
        "original_instance_file": "TSP9_13_pr107.orig.json",
        "contents": "Distance matrix D.",
        "comment": "Distances for GEO edge type are recalculated from coordinates."
    }
}