{
    "D": [
        [
            0.0,
            2953.0,
            1043.0,
            2332.0,
            1728.0,
            3057.0
        ],
        [
            2953.0,
            0.0,
            3692.0,
            975.0,
            1383.0,
            603.0
        ],
        [
            1043.0,
            3692.0,
            0.0,
            2888.0,
            2649.0,
            3651.0
        ],
        [
            2332.0,
            975.0,
            2888.0,
            0.0,
            1285.0,
            763.0
        ],
        [
            1728.0,
            1383.0,
            2649.0,
            1285.0,
            0.0,
            1725.0
        ],
        [
            3057.0,
            603.0,
            3651.0,
            763.0,
            1725.0,
            0.0
        ]
    ],
    "description": {
        "instance_id": "TSP93",
        "instance_type": "TSP",
        "original_instance_name": "kroA100",
        "original_instance_file": "TSP93_6_kroA100.orig.json",
        "contents": "Distance matrix D.",
        "comment": "Distances for GEO edge type are recalculated from coordinates."
    }
}