{
    "D": [
        [
            0.0,
            891.0,
            3770.0,
            3840.0,
            2329.0,
            2683.0,
            1498.0,
            906.0,
            564.0,
            805.0,
            2468.0
        ],
        [
            891.0,
            0.0,
            3623.0,
            3692.0,
            1884.0,
            2267.0,
            1251.0,
            1014.0,
            1446.0,
            863.0,
            2061.0
        ],
        [
            3770.0,
            3623.0,
            0.0,
            70.0,
            1886.0,
            1563.0,
            2381.0,
            2869.0,
            3846.0,
            2990.0,
            1697.0
        ],
        [
            3840.0,
            3692.0,
            70.0,
            0.0,
            1951.0,
            1624.0,
            2451.0,
            2939.0,
            3914.0,
            3060.0,
            1761.0
        ],
        [
            2329.0,
            1884.0,
            1886.0,
            1951.0,
            0.0,
            383.0,
            857.0,
            1499.0,
            2634.0,
            1545.0,
            192.0
        ],
        [
            2683.0,
            2267.0,
            1563.0,
            1624.0,
            383.0,
            0.0,
            1190.0,
            1825.0,
            2956.0,
            1888.0,
            215.0
        ],
        [
            1498.0,
            1251.0,
            2381.0,
            2451.0,
            857.0,
            1190.0,
            0.0,
            642.0,
            1777.0,
            698.0,
            976.0
        ],
        [
            906.0,
            1014.0,
            2869.0,
            2939.0,
            1499.0,
            1825.0,
            642.0,
            0.0,
            1136.0,
            153.0,
            1614.0
        ],
        [
            564.0,
            1446.0,
            3846.0,
            3914.0,
            2634.0,
            2956.0,
            1777.0,
            1136.0,
            0.0,
            1105.0,
            2746.0
        ],
        [
            805.0,
            863.0,
            2990.0,
            3060.0,
            1545.0,
            1888.0,
            698.0,
            153.0,
            1105.0,
            0.0,
            1674.0
        ],
        [
            2468.0,
            2061.0,
            1697.0,
            1761.0,
            192.0,
            215.0,
            976.0,
            1614.0,
            2746.0,
            1674.0,
            0.0
        ]
    ],
    "description": {
        "instance_id": "TSP98",
        "instance_type": "TSP",
        "original_instance_name": "kroA100",
        "original_instance_file": "TSP98_11_kroA100.orig.json",
        "contents": "Distance matrix D.",
        "comment": "Distances for GEO edge type are recalculated from coordinates."
    }
}