{
    "nodes": [
        1,
        2,
        3,
        4,
        5,
        6,
        7,
        8,
        9,
        10,
        11,
        12,
        13,
        14,
        15,
        16,
        17,
        18,
        19,
        20,
        21,
        22,
        23,
        24,
        25,
        26,
        27,
        28,
        29,
        30,
        31,
        32,
        33,
        34,
        35,
        36,
        37,
        38,
        39,
        40,
        41,
        42,
        43,
        44,
        45,
        46,
        47,
        48,
        49,
        50,
        51,
        52,
        53,
        54,
        55,
        56,
        57,
        58,
        59,
        60,
        61,
        62,
        63,
        64,
        65,
        66,
        67,
        68,
        69,
        70
    ],
    "edges": [
        [
            1,
            2
        ],
        [
            2,
            3
        ],
        [
            2,
            9
        ],
        [
            3,
            4
        ],
        [
            4,
            10
        ],
        [
            5,
            6
        ],
        [
            5,
            12
        ],
        [
            6,
            7
        ],
        [
            6,
            13
        ],
        [
            9,
            16
        ],
        [
            10,
            11
        ],
        [
            10,
            17
        ],
        [
            11,
            12
        ],
        [
            12,
            13
        ],
        [
            13,
            18
        ],
        [
            14,
            19
        ],
        [
            15,
            16
        ],
        [
            15,
            20
        ],
        [
            16,
            21
        ],
        [
            17,
            23
        ],
        [
            18,
            25
        ],
        [
            19,
            27
        ],
        [
            20,
            21
        ],
        [
            20,
            29
        ],
        [
            21,
            22
        ],
        [
            22,
            23
        ],
        [
            23,
            24
        ],
        [
            24,
            30
        ],
        [
            25,
            26
        ],
        [
            25,
            32
        ],
        [
            26,
            27
        ],
        [
            26,
            33
        ],
        [
            27,
            28
        ],
        [
            29,
            34
        ],
        [
            30,
            31
        ],
        [
            30,
            38
        ],
        [
            31,
            32
        ],
        [
            31,
            39
        ],
        [
            32,
            33
        ],
        [
            33,
            40
        ],
        [
            34,
            35
        ],
        [
            35,
            36
        ],
        [
            36,
            37
        ],
        [
            36,
            43
        ],
        [
            37,
            38
        ],
        [
            37,
            44
        ],
        [
            38,
            39
        ],
        [
            38,
            45
        ],
        [
            40,
            41
        ],
        [
            41,
            42
        ],
        [
            41,
            46
        ],
        [
            42,
            47
        ],
        [
            43,
            44
        ],
        [
            43,
            49
        ],
        [
            44,
            45
        ],
        [
            45,
            50
        ],
        [
            46,
            47
        ],
        [
            46,
            54
        ],
        [
            47,
            55
        ],
        [
            48,
            56
        ],
        [
            50,
            51
        ],
        [
            50,
            59
        ],
        [
            51,
            52
        ],
        [
            51,
            60
        ],
        [
            52,
            53
        ],
        [
            52,
            61
        ],
        [
            53,
            54
        ],
        [
            53,
            62
        ],
        [
            54,
            55
        ],
        [
            54,
            63
        ],
        [
            56,
            57
        ],
        [
            56,
            64
        ],
        [
            57,
            65
        ],
        [
            58,
            59
        ],
        [
            59,
            60
        ],
        [
            59,
            67
        ],
        [
            60,
            61
        ],
        [
            61,
            62
        ],
        [
            61,
            68
        ],
        [
            62,
            63
        ],
        [
            63,
            69
        ],
        [
            64,
            65
        ],
        [
            65,
            66
        ],
        [
            69,
            70
        ]
    ],
    "description": {
        "instance_id": "UDMIS022EXT",
        "instance_type": "UDMIS",
        "original_instance_name": "N70_W1.0_R0.1",
        "contents": "orig_UDMIS",
        "wwidth": 10,
        "wheight": 10,
        "R": 1.25,
        "points": {
            "1": [
                0,
                0
            ],
            "2": [
                0,
                1
            ],
            "3": [
                0,
                2
            ],
            "4": [
                0,
                3
            ],
            "5": [
                0,
                5
            ],
            "6": [
                0,
                6
            ],
            "7": [
                0,
                7
            ],
            "8": [
                0,
                9
            ],
            "9": [
                1,
                1
            ],
            "10": [
                1,
                3
            ],
            "11": [
                1,
                4
            ],
            "12": [
                1,
                5
            ],
            "13": [
                1,
                6
            ],
            "14": [
                1,
                8
            ],
            "15": [
                2,
                0
            ],
            "16": [
                2,
                1
            ],
            "17": [
                2,
                3
            ],
            "18": [
                2,
                6
            ],
            "19": [
                2,
                8
            ],
            "20": [
                3,
                0
            ],
            "21": [
                3,
                1
            ],
            "22": [
                3,
                2
            ],
            "23": [
                3,
                3
            ],
            "24": [
                3,
                4
            ],
            "25": [
                3,
                6
            ],
            "26": [
                3,
                7
            ],
            "27": [
                3,
                8
            ],
            "28": [
                3,
                9
            ],
            "29": [
                4,
                0
            ],
            "30": [
                4,
                4
            ],
            "31": [
                4,
                5
            ],
            "32": [
                4,
                6
            ],
            "33": [
                4,
                7
            ],
            "34": [
                5,
                0
            ],
            "35": [
                5,
                1
            ],
            "36": [
                5,
                2
            ],
            "37": [
                5,
                3
            ],
            "38": [
                5,
                4
            ],
            "39": [
                5,
                5
            ],
            "40": [
                5,
                7
            ],
            "41": [
                5,
                8
            ],
            "42": [
                5,
                9
            ],
            "43": [
                6,
                2
            ],
            "44": [
                6,
                3
            ],
            "45": [
                6,
                4
            ],
            "46": [
                6,
                8
            ],
            "47": [
                6,
                9
            ],
            "48": [
                7,
                0
            ],
            "49": [
                7,
                2
            ],
            "50": [
                7,
                4
            ],
            "51": [
                7,
                5
            ],
            "52": [
                7,
                6
            ],
            "53": [
                7,
                7
            ],
            "54": [
                7,
                8
            ],
            "55": [
                7,
                9
            ],
            "56": [
                8,
                0
            ],
            "57": [
                8,
                1
            ],
            "58": [
                8,
                3
            ],
            "59": [
                8,
                4
            ],
            "60": [
                8,
                5
            ],
            "61": [
                8,
                6
            ],
            "62": [
                8,
                7
            ],
            "63": [
                8,
                8
            ],
            "64": [
                9,
                0
            ],
            "65": [
                9,
                1
            ],
            "66": [
                9,
                2
            ],
            "67": [
                9,
                4
            ],
            "68": [
                9,
                6
            ],
            "69": [
                9,
                8
            ],
            "70": [
                9,
                9
            ]
        },
        "comment": "Underlying graph and the point coordinates."
    }
}