{
    "nodes": [
        1,
        2,
        3,
        4,
        5,
        6,
        7,
        8,
        9,
        10,
        11,
        12,
        13,
        14,
        15
    ],
    "edges": [
        [
            1,
            2
        ],
        [
            1,
            4
        ],
        [
            1,
            5
        ],
        [
            2,
            3
        ],
        [
            2,
            4
        ],
        [
            2,
            5
        ],
        [
            2,
            6
        ],
        [
            3,
            5
        ],
        [
            3,
            6
        ],
        [
            3,
            7
        ],
        [
            4,
            5
        ],
        [
            5,
            6
        ],
        [
            6,
            7
        ],
        [
            7,
            8
        ],
        [
            7,
            9
        ],
        [
            8,
            9
        ],
        [
            9,
            12
        ],
        [
            9,
            13
        ],
        [
            10,
            11
        ],
        [
            10,
            14
        ],
        [
            10,
            15
        ],
        [
            11,
            12
        ],
        [
            11,
            15
        ],
        [
            12,
            13
        ],
        [
            14,
            15
        ]
    ],
    "description": {
        "instance_id": "UDMIS037EXT",
        "instance_type": "UDMIS",
        "original_instance_name": "N15_W1.0_R0.3",
        "contents": "orig_UDMIS",
        "wwidth": 5,
        "wheight": 5,
        "R": 1.42,
        "points": {
            "1": [
                0,
                0
            ],
            "2": [
                0,
                1
            ],
            "3": [
                0,
                2
            ],
            "4": [
                1,
                0
            ],
            "5": [
                1,
                1
            ],
            "6": [
                1,
                2
            ],
            "7": [
                1,
                3
            ],
            "8": [
                1,
                4
            ],
            "9": [
                2,
                4
            ],
            "10": [
                3,
                1
            ],
            "11": [
                3,
                2
            ],
            "12": [
                3,
                3
            ],
            "13": [
                3,
                4
            ],
            "14": [
                4,
                0
            ],
            "15": [
                4,
                1
            ]
        },
        "comment": "Underlying graph and the point coordinates."
    }
}