{
    "nodes": [
        1,
        2,
        3,
        4,
        5,
        6,
        7,
        8,
        9,
        10,
        11,
        12,
        13,
        14,
        15,
        16,
        17,
        18,
        19,
        20,
        21,
        22,
        23,
        24,
        25
    ],
    "edges": [
        [
            1,
            2
        ],
        [
            2,
            3
        ],
        [
            2,
            5
        ],
        [
            3,
            4
        ],
        [
            3,
            6
        ],
        [
            5,
            6
        ],
        [
            5,
            9
        ],
        [
            6,
            10
        ],
        [
            7,
            11
        ],
        [
            8,
            9
        ],
        [
            8,
            12
        ],
        [
            9,
            10
        ],
        [
            9,
            13
        ],
        [
            10,
            14
        ],
        [
            11,
            15
        ],
        [
            12,
            13
        ],
        [
            12,
            17
        ],
        [
            13,
            14
        ],
        [
            13,
            18
        ],
        [
            14,
            19
        ],
        [
            15,
            16
        ],
        [
            16,
            20
        ],
        [
            17,
            18
        ],
        [
            18,
            19
        ],
        [
            18,
            21
        ],
        [
            19,
            22
        ],
        [
            20,
            25
        ],
        [
            21,
            22
        ],
        [
            22,
            23
        ],
        [
            23,
            24
        ],
        [
            24,
            25
        ]
    ],
    "description": {
        "instance_id": "UDMIS005EXT",
        "instance_type": "UDMIS",
        "original_instance_name": "N25_W1.0_R0.2",
        "contents": "orig_UDMIS",
        "wwidth": 6,
        "wheight": 6,
        "R": 1.25,
        "points": {
            "1": [
                0,
                0
            ],
            "2": [
                0,
                1
            ],
            "3": [
                0,
                2
            ],
            "4": [
                0,
                3
            ],
            "5": [
                1,
                1
            ],
            "6": [
                1,
                2
            ],
            "7": [
                1,
                4
            ],
            "8": [
                2,
                0
            ],
            "9": [
                2,
                1
            ],
            "10": [
                2,
                2
            ],
            "11": [
                2,
                4
            ],
            "12": [
                3,
                0
            ],
            "13": [
                3,
                1
            ],
            "14": [
                3,
                2
            ],
            "15": [
                3,
                4
            ],
            "16": [
                3,
                5
            ],
            "17": [
                4,
                0
            ],
            "18": [
                4,
                1
            ],
            "19": [
                4,
                2
            ],
            "20": [
                4,
                5
            ],
            "21": [
                5,
                1
            ],
            "22": [
                5,
                2
            ],
            "23": [
                5,
                3
            ],
            "24": [
                5,
                4
            ],
            "25": [
                5,
                5
            ]
        },
        "comment": "Underlying graph and the point coordinates."
    }
}