{
    "nodes": [
        1,
        2,
        3,
        4,
        5,
        6,
        7,
        8,
        9,
        10,
        11,
        12,
        13,
        14,
        15,
        16,
        17,
        18,
        19,
        20,
        21,
        22,
        23,
        24,
        25,
        26,
        27,
        28,
        29,
        30,
        31,
        32,
        33,
        34,
        35,
        36,
        37,
        38,
        39,
        40
    ],
    "edges": [
        [
            1,
            2
        ],
        [
            1,
            6
        ],
        [
            2,
            3
        ],
        [
            2,
            6
        ],
        [
            4,
            7
        ],
        [
            5,
            8
        ],
        [
            6,
            9
        ],
        [
            6,
            10
        ],
        [
            7,
            8
        ],
        [
            7,
            11
        ],
        [
            7,
            12
        ],
        [
            8,
            12
        ],
        [
            9,
            10
        ],
        [
            9,
            13
        ],
        [
            10,
            13
        ],
        [
            11,
            14
        ],
        [
            11,
            15
        ],
        [
            11,
            16
        ],
        [
            12,
            16
        ],
        [
            12,
            17
        ],
        [
            13,
            18
        ],
        [
            13,
            19
        ],
        [
            13,
            20
        ],
        [
            14,
            15
        ],
        [
            14,
            20
        ],
        [
            14,
            21
        ],
        [
            14,
            22
        ],
        [
            15,
            16
        ],
        [
            15,
            21
        ],
        [
            15,
            22
        ],
        [
            15,
            23
        ],
        [
            16,
            22
        ],
        [
            16,
            23
        ],
        [
            16,
            24
        ],
        [
            17,
            24
        ],
        [
            18,
            19
        ],
        [
            18,
            25
        ],
        [
            18,
            26
        ],
        [
            19,
            20
        ],
        [
            19,
            25
        ],
        [
            19,
            26
        ],
        [
            19,
            27
        ],
        [
            20,
            21
        ],
        [
            20,
            26
        ],
        [
            20,
            27
        ],
        [
            20,
            28
        ],
        [
            21,
            22
        ],
        [
            21,
            27
        ],
        [
            21,
            28
        ],
        [
            21,
            29
        ],
        [
            22,
            23
        ],
        [
            22,
            28
        ],
        [
            22,
            29
        ],
        [
            22,
            30
        ],
        [
            23,
            24
        ],
        [
            23,
            29
        ],
        [
            23,
            30
        ],
        [
            23,
            31
        ],
        [
            24,
            30
        ],
        [
            24,
            31
        ],
        [
            25,
            26
        ],
        [
            25,
            32
        ],
        [
            26,
            27
        ],
        [
            26,
            32
        ],
        [
            26,
            33
        ],
        [
            27,
            28
        ],
        [
            27,
            32
        ],
        [
            27,
            33
        ],
        [
            27,
            34
        ],
        [
            28,
            29
        ],
        [
            28,
            33
        ],
        [
            28,
            34
        ],
        [
            29,
            30
        ],
        [
            29,
            34
        ],
        [
            29,
            35
        ],
        [
            30,
            31
        ],
        [
            30,
            35
        ],
        [
            31,
            35
        ],
        [
            31,
            36
        ],
        [
            32,
            33
        ],
        [
            32,
            37
        ],
        [
            33,
            34
        ],
        [
            34,
            38
        ],
        [
            35,
            38
        ],
        [
            35,
            39
        ],
        [
            36,
            40
        ],
        [
            38,
            39
        ]
    ],
    "description": {
        "instance_id": "UDMIS085EXT",
        "instance_type": "UDMIS",
        "original_instance_name": "N40_W1.0_R0.2",
        "contents": "orig_UDMIS",
        "wwidth": 8,
        "wheight": 8,
        "R": 1.85,
        "points": {
            "1": [
                0,
                0
            ],
            "2": [
                0,
                1
            ],
            "3": [
                0,
                2
            ],
            "4": [
                0,
                4
            ],
            "5": [
                0,
                7
            ],
            "6": [
                1,
                0
            ],
            "7": [
                1,
                5
            ],
            "8": [
                1,
                6
            ],
            "9": [
                2,
                0
            ],
            "10": [
                2,
                1
            ],
            "11": [
                2,
                4
            ],
            "12": [
                2,
                6
            ],
            "13": [
                3,
                1
            ],
            "14": [
                3,
                3
            ],
            "15": [
                3,
                4
            ],
            "16": [
                3,
                5
            ],
            "17": [
                3,
                7
            ],
            "18": [
                4,
                0
            ],
            "19": [
                4,
                1
            ],
            "20": [
                4,
                2
            ],
            "21": [
                4,
                3
            ],
            "22": [
                4,
                4
            ],
            "23": [
                4,
                5
            ],
            "24": [
                4,
                6
            ],
            "25": [
                5,
                0
            ],
            "26": [
                5,
                1
            ],
            "27": [
                5,
                2
            ],
            "28": [
                5,
                3
            ],
            "29": [
                5,
                4
            ],
            "30": [
                5,
                5
            ],
            "31": [
                5,
                6
            ],
            "32": [
                6,
                1
            ],
            "33": [
                6,
                2
            ],
            "34": [
                6,
                3
            ],
            "35": [
                6,
                5
            ],
            "36": [
                6,
                7
            ],
            "37": [
                7,
                0
            ],
            "38": [
                7,
                4
            ],
            "39": [
                7,
                5
            ],
            "40": [
                7,
                7
            ]
        },
        "comment": "Underlying graph and the point coordinates."
    }
}