{
    "Q": [
        [
            0.0,
            0.0,
            2.910308550678697,
            0.0,
            0.0,
            0.0,
            0.0,
            0.0,
            0.0,
            0.0,
            0.0,
            0.0,
            0.0,
            0.0,
            0.0
        ],
        [
            0.0,
            0.0,
            2.932936331668839,
            0.0,
            0.0,
            0.0,
            0.0,
            3.224433721786937,
            0.0,
            0.0,
            0.0,
            0.0,
            0.0,
            1.4087747264948185,
            0.0
        ],
        [
            2.910308550678697,
            2.932936331668839,
            0.0,
            0.0,
            7.382230588975761,
            11.569672928384627,
            0.0,
            13.19301296786661,
            0.0,
            11.86442370984432,
            0.0,
            0.0,
            0.0,
            0.0,
            1.3960406312170985
        ],
        [
            0.0,
            0.0,
            0.0,
            0.0,
            0.0,
            12.061599700261771,
            6.118049210925923,
            0.0,
            0.0,
            0.0,
            8.743034227873803,
            0.0,
            0.0,
            0.0,
            0.0
        ],
        [
            0.0,
            0.0,
            7.382230588975761,
            0.0,
            0.0,
            0.0,
            0.0,
            0.0,
            0.0,
            0.0,
            0.0,
            0.0,
            0.0,
            12.948775295783285,
            0.0
        ],
        [
            0.0,
            0.0,
            11.569672928384627,
            12.061599700261771,
            0.0,
            0.0,
            0.0,
            0.0,
            0.0,
            0.0,
            0.0,
            0.0,
            0.0,
            4.127521963137318,
            0.0
        ],
        [
            0.0,
            0.0,
            0.0,
            6.118049210925923,
            0.0,
            0.0,
            0.0,
            7.935349775503904,
            0.0,
            0.0,
            0.0,
            13.36888186578156,
            0.0,
            3.8116447467239754,
            0.0
        ],
        [
            0.0,
            3.224433721786937,
            13.19301296786661,
            0.0,
            0.0,
            0.0,
            7.935349775503904,
            0.0,
            3.790599281306225,
            0.0,
            0.0,
            0.0,
            1.319618414153016,
            7.451083276169198,
            0.0
        ],
        [
            0.0,
            0.0,
            0.0,
            0.0,
            0.0,
            0.0,
            0.0,
            3.790599281306225,
            0.0,
            0.0,
            0.0,
            0.0,
            0.0,
            0.0,
            1.1499577571315334
        ],
        [
            0.0,
            0.0,
            11.86442370984432,
            0.0,
            0.0,
            0.0,
            0.0,
            0.0,
            0.0,
            0.0,
            0.0,
            0.0,
            0.0,
            0.0,
            0.0
        ],
        [
            0.0,
            0.0,
            0.0,
            8.743034227873803,
            0.0,
            0.0,
            0.0,
            0.0,
            0.0,
            0.0,
            0.0,
            0.0,
            0.0,
            10.555074006684732,
            3.104149329027053
        ],
        [
            0.0,
            0.0,
            0.0,
            0.0,
            0.0,
            0.0,
            13.36888186578156,
            0.0,
            0.0,
            0.0,
            0.0,
            0.0,
            1.162593949704117,
            5.725799910435279,
            0.0
        ],
        [
            0.0,
            0.0,
            0.0,
            0.0,
            0.0,
            0.0,
            0.0,
            1.319618414153016,
            0.0,
            0.0,
            0.0,
            1.162593949704117,
            0.0,
            11.255717167819181,
            0.0
        ],
        [
            0.0,
            1.4087747264948185,
            0.0,
            0.0,
            12.948775295783285,
            4.127521963137318,
            3.8116447467239754,
            7.451083276169198,
            0.0,
            0.0,
            10.555074006684732,
            5.725799910435279,
            11.255717167819181,
            0.0,
            0.0
        ],
        [
            0.0,
            0.0,
            1.3960406312170985,
            0.0,
            0.0,
            0.0,
            0.0,
            0.0,
            1.1499577571315334,
            0.0,
            3.104149329027053,
            0.0,
            0.0,
            0.0,
            0.0
        ]
    ],
    "P": [
        -1.4551542753393485,
        -3.783072389975297,
        -25.624312854317974,
        -13.461341569530749,
        -10.165502942379524,
        -13.87939729589186,
        -15.61696279946768,
        -18.457048718392944,
        -2.470278519218879,
        -5.93221185492216,
        -11.201128781792793,
        -10.128637862960478,
        -6.868964765838157,
        -28.642195546623896,
        -2.8250738586878423
    ],
    "Const": 0.0,
    "description": {
        "instance_id": "MWC160",
        "instance_type": "MWC",
        "original_instance_name": "N15E26_ERG_p0.25",
        "original_instance_file": "./instances/orig/MWC160_N15E26_ERG_p0.25.orig.json",
        "contents": "QUBO",
        "comment": "Matrix Q, vector P, and Const for QUBO problem. Optimal objective is *minus* the QUBO objective."
    }
}