{
    "Q": [
        [
            0.0,
            0.0,
            0.0,
            0.0,
            0.0
        ],
        [
            0.0,
            0.0,
            0.0,
            0.0,
            0.0
        ],
        [
            0.0,
            0.0,
            0.0,
            0.0,
            0.0
        ],
        [
            0.0,
            0.0,
            0.0,
            0.0,
            0.0
        ],
        [
            0.0,
            0.0,
            0.0,
            0.0,
            0.0
        ]
    ],
    "P": [
        0.0,
        0.0,
        0.0,
        0.0,
        0.0
    ],
    "Const": 0.0,
    "description": {
        "instance_id": "MWC1",
        "instance_type": "MWC",
        "original_instance_name": "N5E0_ERG_p0.25",
        "original_instance_file": "./instances/orig/MWC1_N5E0_ERG_p0.25.orig.json",
        "contents": "QUBO",
        "comment": "Matrix Q, vector P, and Const for QUBO problem. Optimal objective is *minus* the QUBO objective."
    }
}