{
    "Q": [
        [
            0.0,
            1.2228383299067598,
            10.07877966165071,
            16.153081104502018,
            7.055040475949884
        ],
        [
            1.2228383299067598,
            0.0,
            9.411520146951542,
            10.865689093259023,
            3.430305054340249
        ],
        [
            10.07877966165071,
            9.411520146951542,
            0.0,
            12.899784854429944,
            8.200436436203866
        ],
        [
            16.153081104502018,
            10.865689093259023,
            12.899784854429944,
            0.0,
            1.3376827799126265
        ],
        [
            7.055040475949884,
            3.430305054340249,
            8.200436436203866,
            1.3376827799126265,
            0.0
        ]
    ],
    "P": [
        -17.254869786004683,
        -12.465176312228786,
        -20.295260549618032,
        -20.628118916051807,
        -10.011732373203312
    ],
    "Const": 0.0,
    "description": {
        "instance_id": "MWC159",
        "instance_type": "MWC",
        "original_instance_name": "N5E10_ERG_p0.75",
        "original_instance_file": "./instances/orig/MWC159_N5E10_ERG_p0.75.orig.json",
        "contents": "QUBO",
        "comment": "Matrix Q, vector P, and Const for QUBO problem. Optimal objective is *minus* the QUBO objective."
    }
}