{
    "Q": [
        [
            0.0,
            0.0,
            9.21076089371751,
            0.0,
            0.0
        ],
        [
            0.0,
            0.0,
            0.0,
            3.270832939712869,
            0.5469306341526057
        ],
        [
            9.21076089371751,
            0.0,
            0.0,
            2.5373361034123367,
            7.748446075885809
        ],
        [
            0.0,
            3.270832939712869,
            2.5373361034123367,
            0.0,
            5.0217369351027425
        ],
        [
            0.0,
            0.5469306341526057,
            7.748446075885809,
            5.0217369351027425,
            0.0
        ]
    ],
    "P": [
        -4.605380446858755,
        -1.9088817869327372,
        -9.748271536507827,
        -5.414952989113974,
        -6.658556822570579
    ],
    "Const": 0.0,
    "description": {
        "instance_id": "MWC236",
        "instance_type": "MWC",
        "original_instance_name": "N5E6_ERG_p0.5",
        "original_instance_file": "./instances/orig/MWC236_N5E6_ERG_p0.5.orig.json",
        "contents": "QUBO",
        "comment": "Matrix Q, vector P, and Const for QUBO problem. Optimal objective is *minus* the QUBO objective."
    }
}