{
    "Q": [
        [
            0.0,
            0.0,
            5.92021313419787,
            3.148760813617397,
            0.0,
            0.0,
            0.0,
            4.892131906167872,
            1.4277794516751197,
            11.791755594790951,
            1.2395086540389602,
            4.456085932382615,
            0.0,
            0.0,
            0.0
        ],
        [
            0.0,
            0.0,
            0.017960214882247083,
            0.0,
            0.0,
            0.0,
            0.0,
            0.0,
            0.0,
            0.0,
            0.0,
            0.0,
            6.8841279509108855,
            0.0,
            0.0
        ],
        [
            5.92021313419787,
            0.017960214882247083,
            0.0,
            0.0,
            10.784321219394542,
            0.0,
            7.180667077848768,
            4.766096210069529,
            10.709537387592265,
            7.596722641898351,
            9.762150650565767,
            10.953993066609891,
            11.77087218948231,
            6.812653022608982,
            0.2068097282269159
        ],
        [
            3.148760813617397,
            0.0,
            0.0,
            0.0,
            0.0,
            2.0448770114044295,
            0.0,
            6.880804226953366,
            0.0,
            0.0,
            0.0,
            11.58116657206115,
            0.0,
            0.0,
            0.0
        ],
        [
            0.0,
            0.0,
            10.784321219394542,
            0.0,
            0.0,
            0.0,
            0.0,
            3.5676435389805596,
            0.0,
            0.0,
            4.637048200738808,
            0.0,
            2.2853274128108607,
            7.523792614445014,
            0.0
        ],
        [
            0.0,
            0.0,
            0.0,
            2.0448770114044295,
            0.0,
            0.0,
            0.0,
            0.0,
            3.41878470312068,
            4.628118495716269,
            0.0,
            0.0,
            0.0,
            0.0,
            0.0
        ],
        [
            0.0,
            0.0,
            7.180667077848768,
            0.0,
            0.0,
            0.0,
            0.0,
            0.0,
            0.0,
            0.0,
            0.0,
            4.608713966705963,
            10.988880956427359,
            0.0,
            0.0
        ],
        [
            4.892131906167872,
            0.0,
            4.766096210069529,
            6.880804226953366,
            3.5676435389805596,
            0.0,
            0.0,
            0.0,
            0.0,
            0.0,
            1.2456449520009376,
            0.0,
            0.0,
            0.0,
            0.0
        ],
        [
            1.4277794516751197,
            0.0,
            10.709537387592265,
            0.0,
            0.0,
            3.41878470312068,
            0.0,
            0.0,
            0.0,
            0.0,
            0.0,
            1.7181921109948708,
            0.0,
            0.0,
            0.0
        ],
        [
            11.791755594790951,
            0.0,
            7.596722641898351,
            0.0,
            0.0,
            4.628118495716269,
            0.0,
            0.0,
            0.0,
            0.0,
            0.0,
            0.0,
            0.0,
            0.0,
            0.0
        ],
        [
            1.2395086540389602,
            0.0,
            9.762150650565767,
            0.0,
            4.637048200738808,
            0.0,
            0.0,
            1.2456449520009376,
            0.0,
            0.0,
            0.0,
            10.977992830237078,
            0.0,
            3.405334167693549,
            0.0
        ],
        [
            4.456085932382615,
            0.0,
            10.953993066609891,
            11.58116657206115,
            0.0,
            0.0,
            4.608713966705963,
            0.0,
            1.7181921109948708,
            0.0,
            10.977992830237078,
            0.0,
            7.706777683454893,
            0.0,
            0.0
        ],
        [
            0.0,
            6.8841279509108855,
            11.77087218948231,
            0.0,
            2.2853274128108607,
            0.0,
            10.988880956427359,
            0.0,
            0.0,
            0.0,
            0.0,
            7.706777683454893,
            0.0,
            10.048635984718018,
            2.3316921141451146
        ],
        [
            0.0,
            0.0,
            6.812653022608982,
            0.0,
            7.523792614445014,
            0.0,
            0.0,
            0.0,
            0.0,
            0.0,
            3.405334167693549,
            0.0,
            10.048635984718018,
            0.0,
            0.43453295252003477
        ],
        [
            0.0,
            0.0,
            0.2068097282269159,
            0.0,
            0.0,
            0.0,
            0.0,
            0.0,
            0.0,
            0.0,
            0.0,
            0.0,
            2.3316921141451146,
            0.43453295252003477,
            0.0
        ]
    ],
    "P": [
        -16.43811774343539,
        -3.4510440828965665,
        -43.24099827168872,
        -11.82780431201817,
        -14.399066493184893,
        -5.045890105120689,
        -11.389131000491044,
        -10.676160417086132,
        -8.637146826691469,
        -12.008298366202785,
        -15.63383972763755,
        -26.001461081223233,
        -26.00815714597472,
        -14.112474370992798,
        -1.4865173974460326
    ],
    "Const": 0.0,
    "description": {
        "instance_id": "MWC238",
        "instance_type": "MWC",
        "original_instance_name": "N15E38_ERG_p0.25",
        "original_instance_file": "./instances/orig/MWC238_N15E38_ERG_p0.25.orig.json",
        "contents": "QUBO",
        "comment": "Matrix Q, vector P, and Const for QUBO problem. Optimal objective is *minus* the QUBO objective."
    }
}