{
    "Q": [
        [
            0.0,
            9.641284898779485,
            2.9204170146446646,
            3.3863527648478478,
            4.652962550187162
        ],
        [
            9.641284898779485,
            0.0,
            4.3126849910489415,
            10.138248529057512,
            1.9056795329168779
        ],
        [
            2.9204170146446646,
            4.3126849910489415,
            0.0,
            11.920360810294618,
            5.984753784509008
        ],
        [
            3.3863527648478478,
            10.138248529057512,
            11.920360810294618,
            0.0,
            2.456332196010097
        ],
        [
            4.652962550187162,
            1.9056795329168779,
            5.984753784509008,
            2.456332196010097,
            0.0
        ]
    ],
    "P": [
        -10.30050861422958,
        -12.998948975901408,
        -12.569108300248615,
        -13.950647150105038,
        -7.499864031811573
    ],
    "Const": 0.0,
    "description": {
        "instance_id": "MWC3",
        "instance_type": "MWC",
        "original_instance_name": "N5E10_ERG_p0.75",
        "original_instance_file": "./instances/orig/MWC3_N5E10_ERG_p0.75.orig.json",
        "contents": "QUBO",
        "comment": "Matrix Q, vector P, and Const for QUBO problem. Optimal objective is *minus* the QUBO objective."
    }
}