{
    "Q": [
        [
            0.0,
            2.4196335238652944,
            3.6751870425323743,
            0.0,
            0.0,
            0.0,
            0.0,
            3.007332015340852,
            0.6002677176428044,
            0.0,
            0.0,
            0.0,
            3.530573037340206,
            0.0,
            0.0
        ],
        [
            2.4196335238652944,
            0.0,
            3.419075368130791,
            0.0,
            0.0,
            0.0,
            0.0,
            0.0,
            0.0,
            0.0,
            3.454980119869508,
            0.0,
            0.0,
            0.0,
            0.0
        ],
        [
            3.6751870425323743,
            3.419075368130791,
            0.0,
            2.89109807505372,
            0.0,
            0.0,
            5.5564027923468355,
            0.0,
            0.0,
            0.0,
            2.1380909107976516,
            0.1883555998725026,
            0.0,
            0.0,
            0.0
        ],
        [
            0.0,
            0.0,
            2.89109807505372,
            0.0,
            0.0,
            0.0,
            0.0,
            0.0,
            5.629220852755754,
            0.0,
            3.8726710890551805,
            0.0,
            0.0,
            0.0,
            0.0
        ],
        [
            0.0,
            0.0,
            0.0,
            0.0,
            0.0,
            0.0,
            0.0,
            0.0,
            0.0,
            0.0,
            0.0,
            0.0,
            0.0,
            0.0,
            0.0
        ],
        [
            0.0,
            0.0,
            0.0,
            0.0,
            0.0,
            0.0,
            3.369606494203862,
            0.0,
            0.0,
            0.0,
            0.0,
            0.0,
            0.0,
            0.0,
            0.0
        ],
        [
            0.0,
            0.0,
            5.5564027923468355,
            0.0,
            0.0,
            3.369606494203862,
            0.0,
            5.72622213023178,
            0.0,
            2.3820398762947064,
            0.0,
            4.8482017384525165,
            0.0,
            0.0,
            0.0
        ],
        [
            3.007332015340852,
            0.0,
            0.0,
            0.0,
            0.0,
            0.0,
            5.72622213023178,
            0.0,
            5.489656944325148,
            0.0,
            0.0,
            4.252996810834679,
            0.0,
            0.0,
            0.0
        ],
        [
            0.6002677176428044,
            0.0,
            0.0,
            5.629220852755754,
            0.0,
            0.0,
            0.0,
            5.489656944325148,
            0.0,
            0.31999441967276177,
            0.0,
            0.0,
            0.0,
            0.0,
            0.0
        ],
        [
            0.0,
            0.0,
            0.0,
            0.0,
            0.0,
            0.0,
            2.3820398762947064,
            0.0,
            0.31999441967276177,
            0.0,
            0.0,
            0.0,
            0.0,
            4.28236437392886,
            0.0
        ],
        [
            0.0,
            3.454980119869508,
            2.1380909107976516,
            3.8726710890551805,
            0.0,
            0.0,
            0.0,
            0.0,
            0.0,
            0.0,
            0.0,
            3.3627785548531834,
            0.8143183369797762,
            0.0,
            0.0
        ],
        [
            0.0,
            0.0,
            0.1883555998725026,
            0.0,
            0.0,
            0.0,
            4.8482017384525165,
            4.252996810834679,
            0.0,
            0.0,
            3.3627785548531834,
            0.0,
            0.0,
            0.0,
            0.0
        ],
        [
            3.530573037340206,
            0.0,
            0.0,
            0.0,
            0.0,
            0.0,
            0.0,
            0.0,
            0.0,
            0.0,
            0.8143183369797762,
            0.0,
            0.0,
            0.0,
            0.0
        ],
        [
            0.0,
            0.0,
            0.0,
            0.0,
            0.0,
            0.0,
            0.0,
            0.0,
            0.0,
            4.28236437392886,
            0.0,
            0.0,
            0.0,
            0.0,
            0.0
        ],
        [
            0.0,
            0.0,
            0.0,
            0.0,
            0.0,
            0.0,
            0.0,
            0.0,
            0.0,
            0.0,
            0.0,
            0.0,
            0.0,
            0.0,
            0.0
        ]
    ],
    "P": [
        -6.6164966683607656,
        -4.646844505932797,
        -8.934104894366937,
        -6.196495008432327,
        0.0,
        -1.684803247101931,
        -10.94123651576485,
        -9.23810395036623,
        -6.019569967198234,
        -3.4921993349481637,
        -6.821419505777649,
        -6.326166352006441,
        -2.172445687159991,
        -2.14118218696443,
        0.0
    ],
    "Const": 0.0,
    "description": {
        "instance_id": "MWC316",
        "instance_type": "MWC",
        "original_instance_name": "N15E23_ERG_p0.25",
        "original_instance_file": "./instances/orig/MWC316_N15E23_ERG_p0.25.orig.json",
        "contents": "QUBO",
        "comment": "Matrix Q, vector P, and Const for QUBO problem. Optimal objective is *minus* the QUBO objective."
    }
}