{
    "Q": [
        [
            0.0,
            0.0,
            3.40773497480503,
            0.0,
            0.0,
            0.0,
            0.0,
            0.0,
            0.0,
            9.50319180555011,
            8.634611263871324,
            0.0,
            0.0,
            0.0,
            0.0
        ],
        [
            0.0,
            0.0,
            2.719793328978135,
            7.369711691634292,
            0.0,
            0.0,
            3.3289744516695863,
            0.0,
            2.7821366279901127,
            0.0,
            1.0514101198721582,
            5.9008494081702425,
            0.0,
            3.403985813146766,
            0.0
        ],
        [
            3.40773497480503,
            2.719793328978135,
            0.0,
            0.0,
            0.0,
            0.0,
            8.689508728682183,
            7.966101138474012,
            0.0,
            0.0,
            0.0,
            8.307773726683129,
            0.0,
            0.0,
            8.620973165986832
        ],
        [
            0.0,
            7.369711691634292,
            0.0,
            0.0,
            0.0,
            0.6061668764659534,
            0.0,
            6.6551083172098116,
            0.0,
            0.0,
            0.0,
            4.982339326374499,
            0.0,
            0.0,
            0.0
        ],
        [
            0.0,
            0.0,
            0.0,
            0.0,
            0.0,
            1.6776162143092221,
            0.0,
            0.0,
            0.8302299380474709,
            0.0,
            3.8883746741810854,
            0.0,
            0.0,
            2.237682046998529,
            6.240670640089302
        ],
        [
            0.0,
            0.0,
            0.0,
            0.6061668764659534,
            1.6776162143092221,
            0.0,
            2.500116940743001,
            0.4038602056336238,
            0.0,
            5.8767660369336365,
            3.5803655058772446,
            0.4874514261501073,
            1.8102218885082144,
            9.689793697149849,
            0.0
        ],
        [
            0.0,
            3.3289744516695863,
            8.689508728682183,
            0.0,
            0.0,
            2.500116940743001,
            0.0,
            6.714805482774499,
            4.901691737239164,
            0.0,
            0.0,
            0.0,
            1.776490398520456,
            0.0,
            0.0
        ],
        [
            0.0,
            0.0,
            7.966101138474012,
            6.6551083172098116,
            0.0,
            0.4038602056336238,
            6.714805482774499,
            0.0,
            0.0,
            0.0,
            8.307833168270248,
            0.0,
            0.0,
            0.0,
            0.0
        ],
        [
            0.0,
            2.7821366279901127,
            0.0,
            0.0,
            0.8302299380474709,
            0.0,
            4.901691737239164,
            0.0,
            0.0,
            9.953593391601679,
            5.326137530091136,
            0.0,
            0.0,
            0.4141920904340979,
            3.3105609105036127
        ],
        [
            9.50319180555011,
            0.0,
            0.0,
            0.0,
            0.0,
            5.8767660369336365,
            0.0,
            0.0,
            9.953593391601679,
            0.0,
            0.0,
            0.0,
            3.0275220102120395,
            0.0,
            0.0
        ],
        [
            8.634611263871324,
            1.0514101198721582,
            0.0,
            0.0,
            3.8883746741810854,
            3.5803655058772446,
            0.0,
            8.307833168270248,
            5.326137530091136,
            0.0,
            0.0,
            6.155393972820621,
            1.5079525365783064,
            0.0,
            6.713260233695713
        ],
        [
            0.0,
            5.9008494081702425,
            8.307773726683129,
            4.982339326374499,
            0.0,
            0.4874514261501073,
            0.0,
            0.0,
            0.0,
            0.0,
            6.155393972820621,
            0.0,
            6.1836959327800445,
            9.705143856335724,
            1.650705807073961
        ],
        [
            0.0,
            0.0,
            0.0,
            0.0,
            0.0,
            1.8102218885082144,
            1.776490398520456,
            0.0,
            0.0,
            3.0275220102120395,
            1.5079525365783064,
            6.1836959327800445,
            0.0,
            0.0,
            8.891495758772244
        ],
        [
            0.0,
            3.403985813146766,
            0.0,
            0.0,
            2.237682046998529,
            9.689793697149849,
            0.0,
            0.0,
            0.4141920904340979,
            0.0,
            0.0,
            9.705143856335724,
            0.0,
            0.0,
            0.0
        ],
        [
            0.0,
            0.0,
            8.620973165986832,
            0.0,
            6.240670640089302,
            0.0,
            0.0,
            0.0,
            3.3105609105036127,
            0.0,
            6.713260233695713,
            1.650705807073961,
            8.891495758772244,
            0.0,
            0.0
        ]
    ],
    "P": [
        -10.772769022113232,
        -13.278430720730645,
        -19.85594253180466,
        -9.806663105842278,
        -7.437286756812805,
        -13.316179395885426,
        -13.955793869814444,
        -15.023854156181098,
        -13.759271112953638,
        -14.180536622148733,
        -22.58266950262892,
        -21.686676728194165,
        -11.598689262685653,
        -12.725398752032483,
        -17.713833258060834
    ],
    "Const": 0.0,
    "description": {
        "instance_id": "MWC5",
        "instance_type": "MWC",
        "original_instance_name": "N15E45_ERG_p0.5",
        "original_instance_file": "./instances/orig/MWC5_N15E45_ERG_p0.5.orig.json",
        "contents": "QUBO",
        "comment": "Matrix Q, vector P, and Const for QUBO problem. Optimal objective is *minus* the QUBO objective."
    }
}