{
    "Q": [
        [
            0.0,
            0.0,
            0.0,
            0.0,
            0.0
        ],
        [
            0.0,
            0.0,
            0.0,
            0.0,
            0.12904060807203077
        ],
        [
            0.0,
            0.0,
            0.0,
            14.452527541711842,
            0.0
        ],
        [
            0.0,
            0.0,
            14.452527541711842,
            0.0,
            0.0
        ],
        [
            0.0,
            0.12904060807203077,
            0.0,
            0.0,
            0.0
        ]
    ],
    "P": [
        0.0,
        -0.06452030403601539,
        -7.226263770855921,
        -7.226263770855921,
        -0.06452030403601539
    ],
    "Const": 0.0,
    "description": {
        "instance_id": "MWC79",
        "instance_type": "MWC",
        "original_instance_name": "N5E2_ERG_p0.25",
        "original_instance_file": "./instances/orig/MWC79_N5E2_ERG_p0.25.orig.json",
        "contents": "QUBO",
        "comment": "Matrix Q, vector P, and Const for QUBO problem. Optimal objective is *minus* the QUBO objective."
    }
}